state,NAME,RESP_DATE,CRRALL,CRRINT,DRRALL,DRRINT
1,Alabama,4/2/2020,0.416,0.305,0.022,0.018
2,Alaska,4/2/2020,0.255,0.241,0.018,0.018
4,Arizona,4/2/2020,0.388,0.351,0.024,0.023
5,Arkansas,4/2/2020,0.393,0.279,0.023,0.019
6,California,4/2/2020,0.409,0.382,0.031,0.029
8,Colorado,4/2/2020,0.441,0.42,0.038,0.037
9,Connecticut,4/2/2020,0.43,0.399,0.029,0.027
10,Delaware,4/2/2020,0.408,0.371,0.031,0.029
11,District of Columbia,4/2/2020,0.399,0.372,0.043,0.042
12,Florida,4/2/2020,0.401,0.341,0.025,0.022
13,Georgia,4/2/2020,0.391,0.338,0.027,0.024
15,Hawaii,4/2/2020,0.339,0.309,0.02,0.018
16,Idaho,4/2/2020,0.442,0.417,0.024,0.023
17,Illinois,4/2/2020,0.459,0.413,0.038,0.036
18,Indiana,4/2/2020,0.45,0.386,0.027,0.024
19,Iowa,4/2/2020,0.474,0.423,0.026,0.024
20,Kansas,4/2/2020,0.461,0.401,0.029,0.026
21,Kentucky,4/2/2020,0.42,0.334,0.029,0.025
22,Louisiana,4/2/2020,0.386,0.299,0.022,0.019
23,Maine,4/2/2020,0.33,0.281,0.021,0.019
24,Maryland,4/2/2020,0.441,0.413,0.039,0.037
25,Massachusetts,4/2/2020,0.429,0.408,0.026,0.025
26,Michigan,4/2/2020,0.481,0.413,0.035,0.032
27,Minnesota,4/2/2020,0.499,0.465,0.035,0.033
28,Mississippi,4/2/2020,0.415,0.264,0.022,0.016
29,Missouri,4/2/2020,0.432,0.365,0.027,0.024
30,Montana,4/2/2020,0.331,0.291,0.021,0.02
31,Nebraska,4/2/2020,0.473,0.42,0.024,0.022
32,Nevada,4/2/2020,0.404,0.37,0.025,0.024
33,New Hampshire,4/2/2020,0.39,0.373,0.026,0.025
34,New Jersey,4/2/2020,0.426,0.397,0.035,0.033
35,New Mexico,4/2/2020,0.307,0.266,0.024,0.022
36,New York,4/2/2020,0.361,0.323,0.029,0.027
37,North Carolina,4/2/2020,0.384,0.327,0.032,0.029
38,North Dakota,4/2/2020,0.415,0.372,0.025,0.024
39,Ohio,4/2/2020,0.451,0.391,0.034,0.03
40,Oklahoma,4/2/2020,0.371,0.299,0.025,0.021
41,Oregon,4/2/2020,0.429,0.401,0.024,0.023
42,Pennsylvania,4/2/2020,0.428,0.38,0.033,0.03
44,Rhode Island,4/2/2020,0.388,0.35,0.023,0.021
45,South Carolina,4/2/2020,0.372,0.3,0.024,0.02
46,South Dakota,4/2/2020,0.42,0.379,0.022,0.021
47,Tennessee,4/2/2020,0.42,0.338,0.029,0.025
48,Texas,4/2/2020,0.365,0.322,0.03,0.028
49,Utah,4/2/2020,0.461,0.456,0.032,0.032
50,Vermont,4/2/2020,0.325,0.291,0.016,0.015
51,Virginia,4/2/2020,0.468,0.415,0.041,0.039
53,Washington,4/2/2020,0.45,0.433,0.03,0.029
54,West Virginia,4/2/2020,0.296,0.216,0.026,0.022
55,Wisconsin,4/2/2020,0.484,0.45,0.02,0.019
56,Wyoming,4/2/2020,0.321,0.296,0.021,0.02
72,Puerto Rico,4/2/2020,0.021,0.02,0.006,0.006
1,Alabama,4/1/2020,0.394,0.288,0.022,0.016
2,Alaska,4/1/2020,0.236,0.224,0.016,0.016
4,Arizona,4/1/2020,0.365,0.329,0.018,0.017
5,Arkansas,4/1/2020,0.37,0.26,0.021,0.015
6,California,4/1/2020,0.379,0.353,0.021,0.02
8,Colorado,4/1/2020,0.403,0.383,0.023,0.022
9,Connecticut,4/1/2020,0.402,0.372,0.026,0.024
10,Delaware,4/1/2020,0.378,0.342,0.019,0.017
11,District of Columbia,4/1/2020,0.356,0.331,0.021,0.019
12,Florida,4/1/2020,0.376,0.319,0.019,0.016
13,Georgia,4/1/2020,0.364,0.314,0.023,0.021
15,Hawaii,4/1/2020,0.32,0.291,0.018,0.017
16,Idaho,4/1/2020,0.418,0.393,0.02,0.019
17,Illinois,4/1/2020,0.421,0.377,0.027,0.025
18,Indiana,4/1/2020,0.424,0.363,0.023,0.019
19,Iowa,4/1/2020,0.448,0.399,0.024,0.022
20,Kansas,4/1/2020,0.433,0.375,0.025,0.023
21,Kentucky,4/1/2020,0.391,0.309,0.022,0.018
22,Louisiana,4/1/2020,0.364,0.281,0.02,0.016
23,Maine,4/1/2020,0.31,0.262,0.013,0.012
24,Maryland,4/1/2020,0.402,0.375,0.022,0.02
25,Massachusetts,4/1/2020,0.403,0.382,0.02,0.019
26,Michigan,4/1/2020,0.446,0.382,0.027,0.023
27,Minnesota,4/1/2020,0.464,0.432,0.026,0.024
28,Mississippi,4/1/2020,0.394,0.248,0.021,0.013
29,Missouri,4/1/2020,0.405,0.34,0.025,0.022
30,Montana,4/1/2020,0.31,0.271,0.017,0.015
31,Nebraska,4/1/2020,0.449,0.398,0.023,0.021
32,Nevada,4/1/2020,0.379,0.347,0.019,0.017
33,New Hampshire,4/1/2020,0.364,0.348,0.016,0.016
34,New Jersey,4/1/2020,0.391,0.364,0.025,0.024
35,New Mexico,4/1/2020,0.283,0.245,0.018,0.016
36,New York,4/1/2020,0.331,0.297,0.02,0.018
37,North Carolina,4/1/2020,0.352,0.298,0.021,0.018
38,North Dakota,4/1/2020,0.39,0.348,0.023,0.021
39,Ohio,4/1/2020,0.417,0.361,0.024,0.021
40,Oklahoma,4/1/2020,0.346,0.278,0.021,0.017
41,Oregon,4/1/2020,0.405,0.378,0.019,0.018
42,Pennsylvania,4/1/2020,0.395,0.35,0.019,0.017
44,Rhode Island,4/1/2020,0.365,0.329,0.014,0.012
45,South Carolina,4/1/2020,0.348,0.279,0.019,0.014
46,South Dakota,4/1/2020,0.398,0.358,0.023,0.021
47,Tennessee,4/1/2020,0.391,0.312,0.025,0.021
48,Texas,4/1/2020,0.334,0.294,0.021,0.019
49,Utah,4/1/2020,0.428,0.424,0.023,0.022
50,Vermont,4/1/2020,0.309,0.276,0.015,0.013
51,Virginia,4/1/2020,0.427,0.376,0.024,0.021
53,Washington,4/1/2020,0.42,0.404,0.022,0.021
54,West Virginia,4/1/2020,0.27,0.194,0.024,0.02
55,Wisconsin,4/1/2020,0.464,0.431,0.02,0.019
56,Wyoming,4/1/2020,0.3,0.275,0.019,0.018
72,Puerto Rico,4/1/2020,0.015,0.014,0.006,0.006
1,Alabama,3/31/2020,0.373,0.271,0.013,0.012
2,Alaska,3/31/2020,0.22,0.208,0.013,0.013
4,Arizona,3/31/2020,0.346,0.312,0.014,0.013
5,Arkansas,3/31/2020,0.349,0.245,0.013,0.012
6,California,3/31/2020,0.357,0.333,0.016,0.016
8,Colorado,3/31/2020,0.38,0.36,0.018,0.018
9,Connecticut,3/31/2020,0.376,0.348,0.018,0.017
10,Delaware,3/31/2020,0.359,0.326,0.016,0.015
11,District of Columbia,3/31/2020,0.335,0.312,0.016,0.015
12,Florida,3/31/2020,0.357,0.303,0.014,0.014
13,Georgia,3/31/2020,0.341,0.293,0.015,0.015
15,Hawaii,3/31/2020,0.302,0.274,0.013,0.012
16,Idaho,3/31/2020,0.398,0.374,0.017,0.017
17,Illinois,3/31/2020,0.394,0.352,0.018,0.018
18,Indiana,3/31/2020,0.401,0.343,0.016,0.016
19,Iowa,3/31/2020,0.424,0.377,0.016,0.016
20,Kansas,3/31/2020,0.408,0.353,0.016,0.015
21,Kentucky,3/31/2020,0.369,0.291,0.015,0.014
22,Louisiana,3/31/2020,0.344,0.265,0.013,0.012
23,Maine,3/31/2020,0.296,0.25,0.012,0.012
24,Maryland,3/31/2020,0.38,0.355,0.015,0.015
25,Massachusetts,3/31/2020,0.383,0.364,0.015,0.015
26,Michigan,3/31/2020,0.419,0.358,0.017,0.017
27,Minnesota,3/31/2020,0.438,0.407,0.018,0.018
28,Mississippi,3/31/2020,0.372,0.234,0.012,0.011
29,Missouri,3/31/2020,0.38,0.319,0.014,0.014
30,Montana,3/31/2020,0.293,0.256,0.014,0.013
31,Nebraska,3/31/2020,0.426,0.377,0.014,0.014
32,Nevada,3/31/2020,0.36,0.329,0.015,0.015
33,New Hampshire,3/31/2020,0.348,0.333,0.015,0.015
34,New Jersey,3/31/2020,0.365,0.34,0.018,0.018
35,New Mexico,3/31/2020,0.265,0.229,0.014,0.013
36,New York,3/31/2020,0.311,0.278,0.015,0.015
37,North Carolina,3/31/2020,0.33,0.28,0.015,0.015
38,North Dakota,3/31/2020,0.367,0.327,0.017,0.016
39,Ohio,3/31/2020,0.393,0.34,0.016,0.016
40,Oklahoma,3/31/2020,0.325,0.26,0.014,0.014
41,Oregon,3/31/2020,0.386,0.36,0.017,0.016
42,Pennsylvania,3/31/2020,0.375,0.333,0.016,0.015
44,Rhode Island,3/31/2020,0.351,0.317,0.013,0.012
45,South Carolina,3/31/2020,0.329,0.265,0.014,0.013
46,South Dakota,3/31/2020,0.375,0.337,0.015,0.014
47,Tennessee,3/31/2020,0.366,0.292,0.014,0.014
48,Texas,3/31/2020,0.313,0.275,0.016,0.015
49,Utah,3/31/2020,0.406,0.402,0.02,0.019
50,Vermont,3/31/2020,0.294,0.263,0.013,0.013
51,Virginia,3/31/2020,0.403,0.355,0.016,0.016
53,Washington,3/31/2020,0.398,0.383,0.019,0.018
54,West Virginia,3/31/2020,0.246,0.175,0.012,0.012
55,Wisconsin,3/31/2020,0.443,0.412,0.017,0.016
56,Wyoming,3/31/2020,0.281,0.257,0.015,0.015
72,Puerto Rico,3/31/2020,0.008,0.008,0.005,0.005
1,Alabama,3/30/2020,0.36,0.259,0.017,0.01
2,Alaska,3/30/2020,0.208,0.196,0.01,0.01
4,Arizona,3/30/2020,0.333,0.298,0.012,0.01
5,Arkansas,3/30/2020,0.337,0.233,0.014,0.008
6,California,3/30/2020,0.341,0.317,0.016,0.014
8,Colorado,3/30/2020,0.362,0.343,0.016,0.014
9,Connecticut,3/30/2020,0.359,0.331,0.017,0.016
10,Delaware,3/30/2020,0.343,0.31,0.018,0.016
11,District of Columbia,3/30/2020,0.32,0.296,0.016,0.014
12,Florida,3/30/2020,0.343,0.289,0.016,0.012
13,Georgia,3/30/2020,0.326,0.278,0.016,0.013
15,Hawaii,3/30/2020,0.289,0.262,0.011,0.009
16,Idaho,3/30/2020,0.38,0.357,0.013,0.012
17,Illinois,3/30/2020,0.376,0.335,0.018,0.016
18,Indiana,3/30/2020,0.385,0.328,0.018,0.015
19,Iowa,3/30/2020,0.408,0.361,0.016,0.014
20,Kansas,3/30/2020,0.392,0.337,0.016,0.012
21,Kentucky,3/30/2020,0.354,0.277,0.017,0.012
22,Louisiana,3/30/2020,0.331,0.253,0.013,0.008
23,Maine,3/30/2020,0.284,0.239,0.015,0.011
24,Maryland,3/30/2020,0.365,0.34,0.018,0.017
25,Massachusetts,3/30/2020,0.368,0.348,0.016,0.015
26,Michigan,3/30/2020,0.402,0.342,0.017,0.014
27,Minnesota,3/30/2020,0.42,0.39,0.02,0.019
28,Mississippi,3/30/2020,0.361,0.223,0.017,0.008
29,Missouri,3/30/2020,0.366,0.305,0.016,0.012
30,Montana,3/30/2020,0.28,0.242,0.012,0.01
31,Nebraska,3/30/2020,0.412,0.363,0.016,0.014
32,Nevada,3/30/2020,0.345,0.315,0.013,0.012
33,New Hampshire,3/30/2020,0.333,0.318,0.016,0.016
34,New Jersey,3/30/2020,0.347,0.322,0.019,0.018
35,New Mexico,3/30/2020,0.251,0.215,0.011,0.009
36,New York,3/30/2020,0.296,0.264,0.015,0.013
37,North Carolina,3/30/2020,0.316,0.266,0.015,0.013
38,North Dakota,3/30/2020,0.351,0.311,0.015,0.014
39,Ohio,3/30/2020,0.376,0.324,0.017,0.015
40,Oklahoma,3/30/2020,0.311,0.247,0.014,0.01
41,Oregon,3/30/2020,0.369,0.343,0.017,0.016
42,Pennsylvania,3/30/2020,0.36,0.318,0.017,0.015
44,Rhode Island,3/30/2020,0.339,0.304,0.015,0.013
45,South Carolina,3/30/2020,0.316,0.252,0.016,0.011
46,South Dakota,3/30/2020,0.36,0.323,0.015,0.013
47,Tennessee,3/30/2020,0.352,0.278,0.017,0.012
48,Texas,3/30/2020,0.297,0.26,0.014,0.011
49,Utah,3/30/2020,0.386,0.382,0.014,0.014
50,Vermont,3/30/2020,0.281,0.25,0.015,0.013
51,Virginia,3/30/2020,0.387,0.34,0.018,0.015
53,Washington,3/30/2020,0.38,0.364,0.017,0.016
54,West Virginia,3/30/2020,0.234,0.163,0.011,0.008
55,Wisconsin,3/30/2020,0.427,0.396,0.019,0.017
56,Wyoming,3/30/2020,0.266,0.242,0.01,0.009
72,Puerto Rico,3/30/2020,0.003,0.003,0.001,0.001
1,Alabama,3/29/2020,0.343,0.249,0.012,0.011
2,Alaska,3/29/2020,0.197,0.186,0.011,0.01
4,Arizona,3/29/2020,0.321,0.288,0.012,0.011
5,Arkansas,3/29/2020,0.323,0.225,0.01,0.01
6,California,3/29/2020,0.325,0.303,0.016,0.016
8,Colorado,3/29/2020,0.346,0.328,0.016,0.016
9,Connecticut,3/29/2020,0.341,0.315,0.015,0.015
10,Delaware,3/29/2020,0.326,0.295,0.018,0.018
11,District of Columbia,3/29/2020,0.304,0.282,0.016,0.016
12,Florida,3/29/2020,0.328,0.277,0.013,0.013
13,Georgia,3/29/2020,0.31,0.266,0.013,0.013
15,Hawaii,3/29/2020,0.278,0.252,0.011,0.01
16,Idaho,3/29/2020,0.368,0.345,0.013,0.013
17,Illinois,3/29/2020,0.358,0.319,0.016,0.016
18,Indiana,3/29/2020,0.367,0.312,0.017,0.017
19,Iowa,3/29/2020,0.392,0.348,0.014,0.014
20,Kansas,3/29/2020,0.376,0.325,0.015,0.014
21,Kentucky,3/29/2020,0.337,0.264,0.014,0.014
22,Louisiana,3/29/2020,0.318,0.244,0.01,0.01
23,Maine,3/29/2020,0.27,0.227,0.012,0.012
24,Maryland,3/29/2020,0.346,0.323,0.019,0.018
25,Massachusetts,3/29/2020,0.352,0.333,0.015,0.015
26,Michigan,3/29/2020,0.385,0.327,0.017,0.017
27,Minnesota,3/29/2020,0.4,0.371,0.019,0.019
28,Mississippi,3/29/2020,0.345,0.216,0.009,0.009
29,Missouri,3/29/2020,0.35,0.292,0.014,0.014
30,Montana,3/29/2020,0.268,0.232,0.012,0.012
31,Nebraska,3/29/2020,0.396,0.35,0.016,0.016
32,Nevada,3/29/2020,0.331,0.303,0.013,0.013
33,New Hampshire,3/29/2020,0.316,0.302,0.015,0.015
34,New Jersey,3/29/2020,0.328,0.304,0.02,0.02
35,New Mexico,3/29/2020,0.24,0.206,0.01,0.01
36,New York,3/29/2020,0.282,0.251,0.014,0.014
37,North Carolina,3/29/2020,0.3,0.253,0.013,0.013
38,North Dakota,3/29/2020,0.336,0.297,0.015,0.015
39,Ohio,3/29/2020,0.359,0.309,0.018,0.018
40,Oklahoma,3/29/2020,0.297,0.236,0.013,0.013
41,Oregon,3/29/2020,0.352,0.328,0.018,0.018
42,Pennsylvania,3/29/2020,0.343,0.302,0.017,0.017
44,Rhode Island,3/29/2020,0.324,0.291,0.013,0.013
45,South Carolina,3/29/2020,0.3,0.241,0.012,0.012
46,South Dakota,3/29/2020,0.346,0.31,0.014,0.014
47,Tennessee,3/29/2020,0.335,0.266,0.013,0.013
48,Texas,3/29/2020,0.284,0.249,0.013,0.012
49,Utah,3/29/2020,0.372,0.369,0.016,0.016
50,Vermont,3/29/2020,0.266,0.237,0.013,0.013
51,Virginia,3/29/2020,0.37,0.325,0.017,0.017
53,Washington,3/29/2020,0.363,0.348,0.018,0.018
54,West Virginia,3/29/2020,0.223,0.155,0.009,0.009
55,Wisconsin,3/29/2020,0.408,0.378,0.018,0.018
56,Wyoming,3/29/2020,0.256,0.234,0.011,0.011
72,Puerto Rico,3/29/2020,0.002,0.002,0.001,0.001
1,Alabama,3/28/2020,0.332,0.237,0.016,0.013
2,Alaska,3/28/2020,0.187,0.175,0.011,0.01
4,Arizona,3/28/2020,0.309,0.277,0.015,0.014
5,Arkansas,3/28/2020,0.313,0.214,0.016,0.012
6,California,3/28/2020,0.309,0.287,0.016,0.015
8,Colorado,3/28/2020,0.33,0.312,0.018,0.017
9,Connecticut,3/28/2020,0.326,0.301,0.015,0.014
10,Delaware,3/28/2020,0.308,0.277,0.018,0.017
11,District of Columbia,3/28/2020,0.288,0.266,0.014,0.013
12,Florida,3/28/2020,0.315,0.264,0.015,0.013
13,Georgia,3/28/2020,0.297,0.253,0.016,0.014
15,Hawaii,3/28/2020,0.268,0.242,0.013,0.011
16,Idaho,3/28/2020,0.355,0.333,0.017,0.016
17,Illinois,3/28/2020,0.342,0.302,0.013,0.012
18,Indiana,3/28/2020,0.35,0.295,0.017,0.015
19,Iowa,3/28/2020,0.378,0.333,0.015,0.013
20,Kansas,3/28/2020,0.362,0.31,0.017,0.015
21,Kentucky,3/28/2020,0.323,0.251,0.018,0.015
22,Louisiana,3/28/2020,0.308,0.234,0.015,0.012
23,Maine,3/28/2020,0.258,0.216,0.013,0.011
24,Maryland,3/28/2020,0.328,0.305,0.017,0.016
25,Massachusetts,3/28/2020,0.337,0.319,0.016,0.015
26,Michigan,3/28/2020,0.368,0.311,0.018,0.016
27,Minnesota,3/28/2020,0.381,0.352,0.015,0.015
28,Mississippi,3/28/2020,0.335,0.206,0.018,0.012
29,Missouri,3/28/2020,0.335,0.278,0.016,0.014
30,Montana,3/28/2020,0.255,0.22,0.014,0.013
31,Nebraska,3/28/2020,0.38,0.334,0.016,0.014
32,Nevada,3/28/2020,0.318,0.29,0.017,0.015
33,New Hampshire,3/28/2020,0.301,0.287,0.014,0.013
34,New Jersey,3/28/2020,0.308,0.284,0.016,0.015
35,New Mexico,3/28/2020,0.23,0.196,0.011,0.01
36,New York,3/28/2020,0.268,0.237,0.013,0.011
37,North Carolina,3/28/2020,0.288,0.24,0.011,0.01
38,North Dakota,3/28/2020,0.321,0.282,0.018,0.016
39,Ohio,3/28/2020,0.341,0.291,0.017,0.015
40,Oklahoma,3/28/2020,0.283,0.223,0.015,0.012
41,Oregon,3/28/2020,0.334,0.31,0.019,0.017
42,Pennsylvania,3/28/2020,0.326,0.286,0.014,0.012
44,Rhode Island,3/28/2020,0.31,0.278,0.013,0.012
45,South Carolina,3/28/2020,0.287,0.229,0.013,0.011
46,South Dakota,3/28/2020,0.331,0.296,0.017,0.015
47,Tennessee,3/28/2020,0.322,0.253,0.015,0.012
48,Texas,3/28/2020,0.271,0.236,0.014,0.012
49,Utah,3/28/2020,0.356,0.353,0.018,0.017
50,Vermont,3/28/2020,0.253,0.224,0.012,0.011
51,Virginia,3/28/2020,0.353,0.308,0.016,0.015
53,Washington,3/28/2020,0.345,0.33,0.02,0.019
54,West Virginia,3/28/2020,0.214,0.146,0.01,0.008
55,Wisconsin,3/28/2020,0.39,0.36,0.017,0.016
56,Wyoming,3/28/2020,0.245,0.222,0.013,0.012
72,Puerto Rico,3/28/2020,0,0,0,0
1,Alabama,3/27/2020,0.318,0.225,0.023,0.012
2,Alaska,3/27/2020,0.176,0.165,0.014,0.013
4,Arizona,3/27/2020,0.295,0.263,0.019,0.017
5,Arkansas,3/27/2020,0.299,0.202,0.022,0.011
6,California,3/27/2020,0.294,0.272,0.02,0.018
8,Colorado,3/27/2020,0.312,0.295,0.023,0.021
9,Connecticut,3/27/2020,0.312,0.287,0.022,0.019
10,Delaware,3/27/2020,0.29,0.26,0.017,0.014
11,District of Columbia,3/27/2020,0.275,0.253,0.018,0.015
12,Florida,3/27/2020,0.301,0.251,0.022,0.017
13,Georgia,3/27/2020,0.282,0.238,0.021,0.015
15,Hawaii,3/27/2020,0.256,0.231,0.018,0.015
16,Idaho,3/27/2020,0.339,0.317,0.022,0.02
17,Illinois,3/27/2020,0.33,0.291,0.019,0.015
18,Indiana,3/27/2020,0.334,0.28,0.024,0.019
19,Iowa,3/27/2020,0.364,0.32,0.021,0.017
20,Kansas,3/27/2020,0.346,0.295,0.024,0.02
21,Kentucky,3/27/2020,0.308,0.236,0.025,0.017
22,Louisiana,3/27/2020,0.294,0.222,0.02,0.011
23,Maine,3/27/2020,0.246,0.204,0.018,0.015
24,Maryland,3/27/2020,0.311,0.288,0.021,0.018
25,Massachusetts,3/27/2020,0.321,0.304,0.022,0.02
26,Michigan,3/27/2020,0.352,0.295,0.024,0.018
27,Minnesota,3/27/2020,0.367,0.337,0.021,0.019
28,Mississippi,3/27/2020,0.321,0.194,0.024,0.009
29,Missouri,3/27/2020,0.321,0.264,0.023,0.017
30,Montana,3/27/2020,0.242,0.207,0.021,0.018
31,Nebraska,3/27/2020,0.365,0.32,0.024,0.019
32,Nevada,3/27/2020,0.302,0.275,0.021,0.018
33,New Hampshire,3/27/2020,0.287,0.274,0.02,0.019
34,New Jersey,3/27/2020,0.293,0.27,0.018,0.015
35,New Mexico,3/27/2020,0.219,0.186,0.015,0.011
36,New York,3/27/2020,0.256,0.226,0.017,0.013
37,North Carolina,3/27/2020,0.277,0.23,0.019,0.014
38,North Dakota,3/27/2020,0.304,0.266,0.022,0.019
39,Ohio,3/27/2020,0.326,0.276,0.021,0.016
40,Oklahoma,3/27/2020,0.27,0.211,0.019,0.012
41,Oregon,3/27/2020,0.316,0.292,0.022,0.02
42,Pennsylvania,3/27/2020,0.313,0.273,0.018,0.013
44,Rhode Island,3/27/2020,0.298,0.266,0.019,0.016
45,South Carolina,3/27/2020,0.276,0.217,0.02,0.012
46,South Dakota,3/27/2020,0.316,0.28,0.018,0.014
47,Tennessee,3/27/2020,0.31,0.241,0.021,0.013
48,Texas,3/27/2020,0.258,0.224,0.019,0.014
49,Utah,3/27/2020,0.339,0.336,0.024,0.023
50,Vermont,3/27/2020,0.242,0.213,0.015,0.013
51,Virginia,3/27/2020,0.338,0.294,0.021,0.016
53,Washington,3/27/2020,0.326,0.311,0.024,0.023
54,West Virginia,3/27/2020,0.206,0.138,0.015,0.008
55,Wisconsin,3/27/2020,0.374,0.345,0.024,0.021
56,Wyoming,3/27/2020,0.232,0.21,0.018,0.017
72,Puerto Rico,3/27/2020,0,0,0,0
1,Alabama,3/26/2020,0.295,0.213,0.02,0.015
2,Alaska,3/26/2020,0.162,0.152,0.016,0.015
4,Arizona,3/26/2020,0.275,0.246,0.019,0.017
5,Arkansas,3/26/2020,0.278,0.191,0.018,0.013
6,California,3/26/2020,0.273,0.254,0.021,0.019
8,Colorado,3/26/2020,0.289,0.274,0.021,0.02
9,Connecticut,3/26/2020,0.29,0.268,0.021,0.02
10,Delaware,3/26/2020,0.274,0.246,0.02,0.018
11,District of Columbia,3/26/2020,0.257,0.239,0.016,0.015
12,Florida,3/26/2020,0.279,0.234,0.022,0.019
13,Georgia,3/26/2020,0.261,0.223,0.02,0.018
15,Hawaii,3/26/2020,0.238,0.216,0.02,0.018
16,Idaho,3/26/2020,0.316,0.297,0.019,0.018
17,Illinois,3/26/2020,0.311,0.276,0.019,0.017
18,Indiana,3/26/2020,0.31,0.261,0.022,0.019
19,Iowa,3/26/2020,0.343,0.303,0.021,0.018
20,Kansas,3/26/2020,0.322,0.275,0.019,0.017
21,Kentucky,3/26/2020,0.283,0.219,0.019,0.016
22,Louisiana,3/26/2020,0.275,0.211,0.02,0.015
23,Maine,3/26/2020,0.228,0.19,0.016,0.014
24,Maryland,3/26/2020,0.29,0.27,0.024,0.023
25,Massachusetts,3/26/2020,0.299,0.283,0.021,0.02
26,Michigan,3/26/2020,0.328,0.277,0.023,0.019
27,Minnesota,3/26/2020,0.345,0.319,0.022,0.021
28,Mississippi,3/26/2020,0.297,0.185,0.022,0.013
29,Missouri,3/26/2020,0.298,0.247,0.02,0.017
30,Montana,3/26/2020,0.221,0.189,0.021,0.019
31,Nebraska,3/26/2020,0.342,0.301,0.018,0.016
32,Nevada,3/26/2020,0.281,0.256,0.022,0.02
33,New Hampshire,3/26/2020,0.268,0.255,0.021,0.021
34,New Jersey,3/26/2020,0.275,0.255,0.02,0.019
35,New Mexico,3/26/2020,0.204,0.175,0.016,0.014
36,New York,3/26/2020,0.239,0.213,0.017,0.016
37,North Carolina,3/26/2020,0.258,0.217,0.02,0.017
38,North Dakota,3/26/2020,0.282,0.248,0.023,0.02
39,Ohio,3/26/2020,0.305,0.261,0.021,0.019
40,Oklahoma,3/26/2020,0.252,0.199,0.016,0.013
41,Oregon,3/26/2020,0.294,0.272,0.023,0.021
42,Pennsylvania,3/26/2020,0.296,0.26,0.02,0.018
44,Rhode Island,3/26/2020,0.278,0.249,0.017,0.016
45,South Carolina,3/26/2020,0.256,0.205,0.019,0.016
46,South Dakota,3/26/2020,0.298,0.266,0.019,0.017
47,Tennessee,3/26/2020,0.289,0.228,0.021,0.017
48,Texas,3/26/2020,0.239,0.209,0.019,0.017
49,Utah,3/26/2020,0.315,0.312,0.028,0.028
50,Vermont,3/26/2020,0.226,0.2,0.014,0.012
51,Virginia,3/26/2020,0.317,0.278,0.022,0.02
53,Washington,3/26/2020,0.302,0.288,0.025,0.024
54,West Virginia,3/26/2020,0.191,0.129,0.014,0.011
55,Wisconsin,3/26/2020,0.35,0.324,0.021,0.02
56,Wyoming,3/26/2020,0.214,0.194,0.017,0.016
72,Puerto Rico,3/26/2020,0,0,0,0
1,Alabama,3/25/2020,0.277,0.198,0.026,0.019
2,Alaska,3/25/2020,0.146,0.137,0.017,0.016
4,Arizona,3/25/2020,0.257,0.229,0.022,0.02
5,Arkansas,3/25/2020,0.262,0.178,0.023,0.016
6,California,3/25/2020,0.252,0.235,0.023,0.021
8,Colorado,3/25/2020,0.268,0.253,0.027,0.026
9,Connecticut,3/25/2020,0.269,0.247,0.03,0.028
10,Delaware,3/25/2020,0.255,0.228,0.025,0.023
11,District of Columbia,3/25/2020,0.241,0.224,0.021,0.019
12,Florida,3/25/2020,0.258,0.215,0.025,0.021
13,Georgia,3/25/2020,0.241,0.205,0.026,0.023
15,Hawaii,3/25/2020,0.218,0.199,0.024,0.023
16,Idaho,3/25/2020,0.297,0.278,0.027,0.026
17,Illinois,3/25/2020,0.292,0.258,0.026,0.023
18,Indiana,3/25/2020,0.289,0.242,0.027,0.024
19,Iowa,3/25/2020,0.323,0.285,0.029,0.025
20,Kansas,3/25/2020,0.304,0.259,0.025,0.022
21,Kentucky,3/25/2020,0.265,0.202,0.028,0.022
22,Louisiana,3/25/2020,0.256,0.196,0.024,0.018
23,Maine,3/25/2020,0.212,0.176,0.02,0.017
24,Maryland,3/25/2020,0.267,0.247,0.029,0.027
25,Massachusetts,3/25/2020,0.279,0.263,0.028,0.027
26,Michigan,3/25/2020,0.306,0.258,0.031,0.027
27,Minnesota,3/25/2020,0.324,0.298,0.032,0.03
28,Mississippi,3/25/2020,0.278,0.173,0.025,0.015
29,Missouri,3/25/2020,0.279,0.23,0.026,0.022
30,Montana,3/25/2020,0.2,0.17,0.027,0.025
31,Nebraska,3/25/2020,0.325,0.286,0.023,0.02
32,Nevada,3/25/2020,0.26,0.237,0.023,0.021
33,New Hampshire,3/25/2020,0.246,0.234,0.028,0.027
34,New Jersey,3/25/2020,0.256,0.236,0.026,0.024
35,New Mexico,3/25/2020,0.189,0.161,0.018,0.016
36,New York,3/25/2020,0.223,0.197,0.022,0.02
37,North Carolina,3/25/2020,0.239,0.2,0.026,0.023
38,North Dakota,3/25/2020,0.26,0.228,0.028,0.026
39,Ohio,3/25/2020,0.285,0.242,0.03,0.026
40,Oklahoma,3/25/2020,0.237,0.186,0.021,0.017
41,Oregon,3/25/2020,0.271,0.251,0.029,0.027
42,Pennsylvania,3/25/2020,0.277,0.242,0.026,0.023
44,Rhode Island,3/25/2020,0.262,0.234,0.023,0.021
45,South Carolina,3/25/2020,0.239,0.189,0.027,0.022
46,South Dakota,3/25/2020,0.28,0.249,0.024,0.021
47,Tennessee,3/25/2020,0.269,0.211,0.028,0.023
48,Texas,3/25/2020,0.221,0.192,0.022,0.019
49,Utah,3/25/2020,0.287,0.284,0.032,0.032
50,Vermont,3/25/2020,0.213,0.188,0.018,0.017
51,Virginia,3/25/2020,0.295,0.258,0.028,0.025
53,Washington,3/25/2020,0.277,0.265,0.031,0.03
54,West Virginia,3/25/2020,0.178,0.118,0.018,0.014
55,Wisconsin,3/25/2020,0.329,0.304,0.03,0.027
56,Wyoming,3/25/2020,0.197,0.178,0.02,0.019
72,Puerto Rico,3/25/2020,0,0,0,0
1,Alabama,3/24/2020,0.251,0.179,0.026,0.025
2,Alaska,3/24/2020,0.13,0.121,0.017,0.017
4,Arizona,3/24/2020,0.235,0.209,0.023,0.023
5,Arkansas,3/24/2020,0.239,0.162,0.021,0.02
6,California,3/24/2020,0.23,0.213,0.025,0.024
8,Colorado,3/24/2020,0.241,0.227,0.029,0.028
9,Connecticut,3/24/2020,0.239,0.22,0.03,0.029
10,Delaware,3/24/2020,0.23,0.205,0.025,0.025
11,District of Columbia,3/24/2020,0.221,0.205,0.021,0.02
12,Florida,3/24/2020,0.234,0.194,0.025,0.025
13,Georgia,3/24/2020,0.215,0.182,0.027,0.026
15,Hawaii,3/24/2020,0.194,0.176,0.019,0.019
16,Idaho,3/24/2020,0.271,0.253,0.032,0.032
17,Illinois,3/24/2020,0.266,0.236,0.029,0.028
18,Indiana,3/24/2020,0.261,0.218,0.027,0.027
19,Iowa,3/24/2020,0.295,0.259,0.032,0.032
20,Kansas,3/24/2020,0.279,0.237,0.026,0.026
21,Kentucky,3/24/2020,0.237,0.18,0.03,0.029
22,Louisiana,3/24/2020,0.232,0.178,0.023,0.022
23,Maine,3/24/2020,0.193,0.159,0.017,0.017
24,Maryland,3/24/2020,0.238,0.22,0.028,0.028
25,Massachusetts,3/24/2020,0.251,0.237,0.028,0.028
26,Michigan,3/24/2020,0.276,0.231,0.029,0.028
27,Minnesota,3/24/2020,0.292,0.268,0.036,0.036
28,Mississippi,3/24/2020,0.254,0.158,0.02,0.02
29,Missouri,3/24/2020,0.253,0.208,0.026,0.025
30,Montana,3/24/2020,0.173,0.144,0.024,0.024
31,Nebraska,3/24/2020,0.302,0.266,0.027,0.027
32,Nevada,3/24/2020,0.237,0.216,0.024,0.024
33,New Hampshire,3/24/2020,0.218,0.207,0.028,0.028
34,New Jersey,3/24/2020,0.23,0.212,0.029,0.029
35,New Mexico,3/24/2020,0.171,0.146,0.017,0.017
36,New York,3/24/2020,0.201,0.178,0.022,0.022
37,North Carolina,3/24/2020,0.213,0.177,0.029,0.028
38,North Dakota,3/24/2020,0.232,0.202,0.03,0.03
39,Ohio,3/24/2020,0.255,0.216,0.031,0.031
40,Oklahoma,3/24/2020,0.215,0.17,0.024,0.024
41,Oregon,3/24/2020,0.243,0.223,0.031,0.031
42,Pennsylvania,3/24/2020,0.251,0.219,0.028,0.028
44,Rhode Island,3/24/2020,0.239,0.213,0.02,0.02
45,South Carolina,3/24/2020,0.212,0.167,0.027,0.027
46,South Dakota,3/24/2020,0.256,0.228,0.028,0.028
47,Tennessee,3/24/2020,0.242,0.188,0.03,0.029
48,Texas,3/24/2020,0.199,0.174,0.024,0.024
49,Utah,3/24/2020,0.254,0.252,0.037,0.037
50,Vermont,3/24/2020,0.194,0.171,0.019,0.019
51,Virginia,3/24/2020,0.268,0.233,0.029,0.029
53,Washington,3/24/2020,0.246,0.234,0.034,0.034
54,West Virginia,3/24/2020,0.16,0.104,0.016,0.015
55,Wisconsin,3/24/2020,0.3,0.276,0.033,0.033
56,Wyoming,3/24/2020,0.177,0.158,0.021,0.021
72,Puerto Rico,3/24/2020,0,0,0,0
1,Alabama,3/23/2020,0.225,0.153,0.016,0.015
2,Alaska,3/23/2020,0.113,0.105,0.01,0.01
4,Arizona,3/23/2020,0.212,0.187,0.016,0.015
5,Arkansas,3/23/2020,0.218,0.141,0.014,0.013
6,California,3/23/2020,0.205,0.189,0.015,0.015
8,Colorado,3/23/2020,0.212,0.199,0.019,0.019
9,Connecticut,3/23/2020,0.21,0.191,0.02,0.019
10,Delaware,3/23/2020,0.205,0.18,0.016,0.015
11,District of Columbia,3/23/2020,0.2,0.185,0.016,0.016
12,Florida,3/23/2020,0.209,0.169,0.017,0.016
13,Georgia,3/23/2020,0.189,0.156,0.02,0.02
15,Hawaii,3/23/2020,0.175,0.156,0.017,0.015
16,Idaho,3/23/2020,0.239,0.221,0.014,0.014
17,Illinois,3/23/2020,0.238,0.207,0.02,0.02
18,Indiana,3/23/2020,0.234,0.191,0.019,0.018
19,Iowa,3/23/2020,0.263,0.228,0.019,0.019
20,Kansas,3/23/2020,0.253,0.211,0.018,0.017
21,Kentucky,3/23/2020,0.208,0.151,0.016,0.015
22,Louisiana,3/23/2020,0.209,0.155,0.015,0.014
23,Maine,3/23/2020,0.176,0.142,0.012,0.011
24,Maryland,3/23/2020,0.21,0.192,0.02,0.019
25,Massachusetts,3/23/2020,0.223,0.209,0.018,0.018
26,Michigan,3/23/2020,0.247,0.203,0.021,0.02
27,Minnesota,3/23/2020,0.256,0.232,0.023,0.022
28,Mississippi,3/23/2020,0.234,0.138,0.015,0.014
29,Missouri,3/23/2020,0.228,0.183,0.017,0.017
30,Montana,3/23/2020,0.149,0.12,0.01,0.01
31,Nebraska,3/23/2020,0.275,0.239,0.024,0.024
32,Nevada,3/23/2020,0.213,0.192,0.015,0.015
33,New Hampshire,3/23/2020,0.19,0.179,0.019,0.019
34,New Jersey,3/23/2020,0.201,0.183,0.02,0.019
35,New Mexico,3/23/2020,0.154,0.128,0.011,0.011
36,New York,3/23/2020,0.179,0.156,0.015,0.015
37,North Carolina,3/23/2020,0.185,0.149,0.018,0.018
38,North Dakota,3/23/2020,0.202,0.172,0.016,0.016
39,Ohio,3/23/2020,0.224,0.185,0.019,0.018
40,Oklahoma,3/23/2020,0.192,0.146,0.012,0.012
41,Oregon,3/23/2020,0.212,0.193,0.016,0.016
42,Pennsylvania,3/23/2020,0.223,0.191,0.019,0.018
44,Rhode Island,3/23/2020,0.218,0.193,0.013,0.013
45,South Carolina,3/23/2020,0.185,0.14,0.017,0.016
46,South Dakota,3/23/2020,0.228,0.2,0.014,0.013
47,Tennessee,3/23/2020,0.212,0.159,0.016,0.015
48,Texas,3/23/2020,0.175,0.15,0.015,0.015
49,Utah,3/23/2020,0.217,0.215,0.017,0.017
50,Vermont,3/23/2020,0.176,0.152,0.011,0.011
51,Virginia,3/23/2020,0.238,0.204,0.019,0.018
53,Washington,3/23/2020,0.212,0.201,0.021,0.021
54,West Virginia,3/23/2020,0.145,0.089,0.01,0.009
55,Wisconsin,3/23/2020,0.267,0.243,0.024,0.024
56,Wyoming,3/23/2020,0.155,0.137,0.01,0.01
72,Puerto Rico,3/23/2020,0,0,0,0
1,Alabama,3/22/2020,0.209,0.138,0.03,0.015
2,Alaska,3/22/2020,0.103,0.095,0.014,0.013
4,Arizona,3/22/2020,0.197,0.171,0.023,0.018
5,Arkansas,3/22/2020,0.205,0.129,0.029,0.014
6,California,3/22/2020,0.19,0.174,0.021,0.018
8,Colorado,3/22/2020,0.193,0.18,0.024,0.022
9,Connecticut,3/22/2020,0.19,0.171,0.027,0.023
10,Delaware,3/22/2020,0.189,0.165,0.024,0.018
11,District of Columbia,3/22/2020,0.184,0.169,0.019,0.016
12,Florida,3/22/2020,0.192,0.153,0.025,0.018
13,Georgia,3/22/2020,0.168,0.136,0.028,0.021
15,Hawaii,3/22/2020,0.158,0.141,0.021,0.018
16,Idaho,3/22/2020,0.225,0.207,0.02,0.017
17,Illinois,3/22/2020,0.218,0.187,0.028,0.022
18,Indiana,3/22/2020,0.215,0.173,0.029,0.022
19,Iowa,3/22/2020,0.243,0.209,0.027,0.021
20,Kansas,3/22/2020,0.235,0.194,0.026,0.02
21,Kentucky,3/22/2020,0.192,0.136,0.029,0.018
22,Louisiana,3/22/2020,0.194,0.141,0.031,0.018
23,Maine,3/22/2020,0.164,0.131,0.021,0.015
24,Maryland,3/22/2020,0.191,0.173,0.026,0.022
25,Massachusetts,3/22/2020,0.204,0.191,0.024,0.022
26,Michigan,3/22/2020,0.226,0.182,0.034,0.025
27,Minnesota,3/22/2020,0.233,0.21,0.031,0.027
28,Mississippi,3/22/2020,0.22,0.124,0.039,0.015
29,Missouri,3/22/2020,0.211,0.167,0.027,0.018
30,Montana,3/22/2020,0.139,0.111,0.017,0.011
31,Nebraska,3/22/2020,0.251,0.215,0.032,0.026
32,Nevada,3/22/2020,0.198,0.177,0.021,0.017
33,New Hampshire,3/22/2020,0.172,0.161,0.025,0.023
34,New Jersey,3/22/2020,0.181,0.164,0.023,0.02
35,New Mexico,3/22/2020,0.143,0.118,0.018,0.013
36,New York,3/22/2020,0.163,0.141,0.021,0.016
37,North Carolina,3/22/2020,0.166,0.131,0.025,0.017
38,North Dakota,3/22/2020,0.185,0.156,0.025,0.018
39,Ohio,3/22/2020,0.205,0.167,0.029,0.022
40,Oklahoma,3/22/2020,0.179,0.134,0.021,0.013
41,Oregon,3/22/2020,0.196,0.177,0.024,0.02
42,Pennsylvania,3/22/2020,0.204,0.173,0.027,0.022
44,Rhode Island,3/22/2020,0.205,0.18,0.018,0.014
45,South Carolina,3/22/2020,0.169,0.124,0.024,0.014
46,South Dakota,3/22/2020,0.215,0.187,0.02,0.014
47,Tennessee,3/22/2020,0.196,0.144,0.03,0.018
48,Texas,3/22/2020,0.16,0.135,0.023,0.016
49,Utah,3/22/2020,0.2,0.198,0.024,0.023
50,Vermont,3/22/2020,0.164,0.14,0.019,0.014
51,Virginia,3/22/2020,0.219,0.186,0.028,0.021
53,Washington,3/22/2020,0.191,0.18,0.026,0.024
54,West Virginia,3/22/2020,0.135,0.08,0.021,0.011
55,Wisconsin,3/22/2020,0.243,0.22,0.031,0.027
56,Wyoming,3/22/2020,0.145,0.127,0.015,0.011
72,Puerto Rico,3/22/2020,0,0,0,0
1,Alabama,3/21/2020,0.179,0.123,0.03,0.019
2,Alaska,3/21/2020,0.089,0.082,0.014,0.012
4,Arizona,3/21/2020,0.176,0.153,0.03,0.024
5,Arkansas,3/21/2020,0.176,0.115,0.03,0.017
6,California,3/21/2020,0.169,0.156,0.022,0.02
8,Colorado,3/21/2020,0.169,0.158,0.024,0.022
9,Connecticut,3/21/2020,0.163,0.148,0.03,0.028
10,Delaware,3/21/2020,0.167,0.147,0.021,0.017
11,District of Columbia,3/21/2020,0.165,0.153,0.017,0.015
12,Florida,3/21/2020,0.167,0.135,0.025,0.02
13,Georgia,3/21/2020,0.141,0.115,0.028,0.022
15,Hawaii,3/21/2020,0.138,0.123,0.022,0.019
16,Idaho,3/21/2020,0.205,0.189,0.028,0.025
17,Illinois,3/21/2020,0.19,0.165,0.027,0.024
18,Indiana,3/21/2020,0.186,0.151,0.029,0.025
19,Iowa,3/21/2020,0.216,0.188,0.028,0.024
20,Kansas,3/21/2020,0.209,0.174,0.028,0.023
21,Kentucky,3/21/2020,0.163,0.118,0.027,0.021
22,Louisiana,3/21/2020,0.163,0.123,0.036,0.028
23,Maine,3/21/2020,0.143,0.116,0.022,0.017
24,Maryland,3/21/2020,0.165,0.151,0.029,0.027
25,Massachusetts,3/21/2020,0.18,0.169,0.028,0.026
26,Michigan,3/21/2020,0.193,0.157,0.037,0.031
27,Minnesota,3/21/2020,0.202,0.183,0.039,0.036
28,Mississippi,3/21/2020,0.183,0.109,0.036,0.018
29,Missouri,3/21/2020,0.184,0.148,0.027,0.022
30,Montana,3/21/2020,0.124,0.1,0.019,0.015
31,Nebraska,3/21/2020,0.219,0.189,0.027,0.021
32,Nevada,3/21/2020,0.177,0.16,0.023,0.02
33,New Hampshire,3/21/2020,0.147,0.138,0.032,0.03
34,New Jersey,3/21/2020,0.158,0.144,0.025,0.024
35,New Mexico,3/21/2020,0.125,0.104,0.019,0.014
36,New York,3/21/2020,0.143,0.125,0.021,0.018
37,North Carolina,3/21/2020,0.141,0.113,0.026,0.021
38,North Dakota,3/21/2020,0.163,0.138,0.023,0.018
39,Ohio,3/21/2020,0.176,0.145,0.03,0.026
40,Oklahoma,3/21/2020,0.158,0.121,0.022,0.015
41,Oregon,3/21/2020,0.173,0.156,0.03,0.027
42,Pennsylvania,3/21/2020,0.177,0.151,0.025,0.021
44,Rhode Island,3/21/2020,0.187,0.165,0.019,0.016
45,South Carolina,3/21/2020,0.145,0.11,0.023,0.019
46,South Dakota,3/21/2020,0.196,0.173,0.021,0.016
47,Tennessee,3/21/2020,0.166,0.125,0.028,0.021
48,Texas,3/21/2020,0.138,0.118,0.026,0.022
49,Utah,3/21/2020,0.176,0.175,0.03,0.03
50,Vermont,3/21/2020,0.147,0.126,0.018,0.015
51,Virginia,3/21/2020,0.192,0.165,0.028,0.023
53,Washington,3/21/2020,0.165,0.156,0.029,0.027
54,West Virginia,3/21/2020,0.114,0.069,0.016,0.012
55,Wisconsin,3/21/2020,0.212,0.193,0.034,0.031
56,Wyoming,3/21/2020,0.131,0.115,0.017,0.015
72,Puerto Rico,3/21/2020,0,0,0,0
1,Alabama,3/20/2020,0.151,0.104,0.029,0.025
2,Alaska,3/20/2020,0.076,0.07,0.013,0.013
4,Arizona,3/20/2020,0.149,0.129,0.029,0.025
5,Arkansas,3/20/2020,0.149,0.098,0.025,0.021
6,California,3/20/2020,0.147,0.137,0.023,0.022
8,Colorado,3/20/2020,0.145,0.136,0.032,0.031
9,Connecticut,3/20/2020,0.132,0.12,0.033,0.031
10,Delaware,3/20/2020,0.146,0.13,0.03,0.029
11,District of Columbia,3/20/2020,0.148,0.138,0.023,0.022
12,Florida,3/20/2020,0.143,0.115,0.024,0.021
13,Georgia,3/20/2020,0.114,0.093,0.023,0.022
15,Hawaii,3/20/2020,0.116,0.104,0.024,0.022
16,Idaho,3/20/2020,0.178,0.165,0.038,0.037
17,Illinois,3/20/2020,0.163,0.142,0.031,0.03
18,Indiana,3/20/2020,0.157,0.126,0.028,0.026
19,Iowa,3/20/2020,0.189,0.164,0.036,0.034
20,Kansas,3/20/2020,0.183,0.152,0.033,0.03
21,Kentucky,3/20/2020,0.136,0.097,0.027,0.023
22,Louisiana,3/20/2020,0.128,0.095,0.028,0.025
23,Maine,3/20/2020,0.121,0.099,0.019,0.018
24,Maryland,3/20/2020,0.136,0.124,0.032,0.031
25,Massachusetts,3/20/2020,0.152,0.143,0.029,0.028
26,Michigan,3/20/2020,0.155,0.126,0.036,0.034
27,Minnesota,3/20/2020,0.164,0.147,0.04,0.038
28,Mississippi,3/20/2020,0.15,0.091,0.026,0.022
29,Missouri,3/20/2020,0.158,0.127,0.033,0.03
30,Montana,3/20/2020,0.106,0.085,0.021,0.018
31,Nebraska,3/20/2020,0.193,0.168,0.029,0.027
32,Nevada,3/20/2020,0.155,0.14,0.028,0.026
33,New Hampshire,3/20/2020,0.115,0.107,0.033,0.032
34,New Jersey,3/20/2020,0.133,0.12,0.029,0.026
35,New Mexico,3/20/2020,0.107,0.09,0.016,0.014
36,New York,3/20/2020,0.122,0.107,0.025,0.023
37,North Carolina,3/20/2020,0.116,0.092,0.026,0.024
38,North Dakota,3/20/2020,0.14,0.12,0.018,0.017
39,Ohio,3/20/2020,0.146,0.119,0.035,0.033
40,Oklahoma,3/20/2020,0.137,0.106,0.023,0.02
41,Oregon,3/20/2020,0.143,0.13,0.028,0.027
42,Pennsylvania,3/20/2020,0.153,0.13,0.033,0.031
44,Rhode Island,3/20/2020,0.168,0.149,0.032,0.03
45,South Carolina,3/20/2020,0.122,0.092,0.028,0.024
46,South Dakota,3/20/2020,0.176,0.157,0.023,0.022
47,Tennessee,3/20/2020,0.138,0.104,0.026,0.023
48,Texas,3/20/2020,0.112,0.097,0.024,0.023
49,Utah,3/20/2020,0.146,0.145,0.039,0.039
50,Vermont,3/20/2020,0.129,0.111,0.022,0.021
51,Virginia,3/20/2020,0.164,0.142,0.035,0.033
53,Washington,3/20/2020,0.136,0.128,0.03,0.029
54,West Virginia,3/20/2020,0.098,0.057,0.018,0.014
55,Wisconsin,3/20/2020,0.178,0.162,0.039,0.038
56,Wyoming,3/20/2020,0.115,0.101,0.017,0.016
72,Puerto Rico,3/20/2020,0,0,0,0
1,Alabama,4/3/2020,0.429,0.316,0.014,0.011
2,Alaska,4/3/2020,0.267,0.253,0.013,0.012
4,Arizona,4/3/2020,0.402,0.364,0.014,0.013
5,Arkansas,4/3/2020,0.405,0.289,0.013,0.01
6,California,4/3/2020,0.426,0.397,0.016,0.015
8,Colorado,4/3/2020,0.46,0.438,0.019,0.018
9,Connecticut,4/3/2020,0.446,0.414,0.016,0.015
10,Delaware,4/3/2020,0.422,0.384,0.014,0.013
11,District of Columbia,4/3/2020,0.414,0.386,0.015,0.014
12,Florida,4/3/2020,0.414,0.354,0.013,0.013
13,Georgia,4/3/2020,0.405,0.351,0.014,0.013
15,Hawaii,4/3/2020,0.355,0.324,0.016,0.015
16,Idaho,4/3/2020,0.458,0.432,0.016,0.016
17,Illinois,4/3/2020,0.475,0.428,0.016,0.015
18,Indiana,4/3/2020,0.465,0.4,0.015,0.014
19,Iowa,4/3/2020,0.488,0.436,0.014,0.013
20,Kansas,4/3/2020,0.475,0.414,0.014,0.013
21,Kentucky,4/3/2020,0.436,0.349,0.017,0.016
22,Louisiana,4/3/2020,0.399,0.31,0.013,0.011
23,Maine,4/3/2020,0.342,0.292,0.012,0.011
24,Maryland,4/3/2020,0.458,0.429,0.017,0.017
25,Massachusetts,4/3/2020,0.443,0.421,0.014,0.014
26,Michigan,4/3/2020,0.495,0.427,0.015,0.013
27,Minnesota,4/3/2020,0.518,0.484,0.02,0.019
28,Mississippi,4/3/2020,0.426,0.272,0.012,0.009
29,Missouri,4/3/2020,0.445,0.377,0.014,0.012
30,Montana,4/3/2020,0.345,0.304,0.014,0.014
31,Nebraska,4/3/2020,0.486,0.432,0.013,0.012
32,Nevada,4/3/2020,0.419,0.385,0.015,0.014
33,New Hampshire,4/3/2020,0.404,0.387,0.014,0.014
34,New Jersey,4/3/2020,0.44,0.411,0.015,0.014
35,New Mexico,4/3/2020,0.32,0.278,0.013,0.012
36,New York,4/3/2020,0.374,0.336,0.014,0.013
37,North Carolina,4/3/2020,0.399,0.342,0.016,0.015
38,North Dakota,4/3/2020,0.428,0.384,0.013,0.012
39,Ohio,4/3/2020,0.467,0.406,0.016,0.015
40,Oklahoma,4/3/2020,0.383,0.311,0.013,0.012
41,Oregon,4/3/2020,0.445,0.415,0.015,0.015
42,Pennsylvania,4/3/2020,0.443,0.395,0.016,0.015
44,Rhode Island,4/3/2020,0.4,0.362,0.012,0.012
45,South Carolina,4/3/2020,0.386,0.314,0.015,0.014
46,South Dakota,4/3/2020,0.433,0.391,0.013,0.012
47,Tennessee,4/3/2020,0.434,0.351,0.015,0.014
48,Texas,4/3/2020,0.379,0.335,0.015,0.014
49,Utah,4/3/2020,0.479,0.475,0.019,0.018
50,Vermont,4/3/2020,0.337,0.302,0.012,0.011
51,Virginia,4/3/2020,0.484,0.431,0.017,0.016
53,Washington,4/3/2020,0.467,0.449,0.017,0.017
54,West Virginia,4/3/2020,0.308,0.227,0.012,0.011
55,Wisconsin,4/3/2020,0.5,0.465,0.016,0.015
56,Wyoming,4/3/2020,0.335,0.308,0.013,0.013
72,Puerto Rico,4/3/2020,0.026,0.025,0.006,0.005
1,Alabama,4/4/2020,0.439,0.323,0.01,0.006
2,Alaska,4/4/2020,0.275,0.26,0.007,0.007
4,Arizona,4/4/2020,0.412,0.373,0.009,0.008
5,Arkansas,4/4/2020,0.415,0.295,0.01,0.007
6,California,4/4/2020,0.435,0.405,0.009,0.008
8,Colorado,4/4/2020,0.471,0.448,0.011,0.01
9,Connecticut,4/4/2020,0.456,0.423,0.01,0.009
10,Delaware,4/4/2020,0.431,0.392,0.009,0.008
11,District of Columbia,4/4/2020,0.422,0.393,0.008,0.007
12,Florida,4/4/2020,0.424,0.362,0.01,0.008
13,Georgia,4/4/2020,0.415,0.359,0.01,0.008
15,Hawaii,4/4/2020,0.365,0.333,0.01,0.009
16,Idaho,4/4/2020,0.468,0.442,0.01,0.01
17,Illinois,4/4/2020,0.485,0.435,0.01,0.008
18,Indiana,4/4/2020,0.476,0.409,0.011,0.008
19,Iowa,4/4/2020,0.497,0.444,0.009,0.008
20,Kansas,4/4/2020,0.484,0.422,0.009,0.008
21,Kentucky,4/4/2020,0.449,0.359,0.013,0.009
22,Louisiana,4/4/2020,0.409,0.317,0.01,0.007
23,Maine,4/4/2020,0.351,0.299,0.009,0.008
24,Maryland,4/4/2020,0.469,0.439,0.011,0.009
25,Massachusetts,4/4/2020,0.452,0.43,0.009,0.009
26,Michigan,4/4/2020,0.506,0.435,0.011,0.008
27,Minnesota,4/4/2020,0.53,0.495,0.012,0.011
28,Mississippi,4/4/2020,0.436,0.277,0.009,0.005
29,Missouri,4/4/2020,0.454,0.384,0.009,0.007
30,Montana,4/4/2020,0.357,0.314,0.011,0.01
31,Nebraska,4/4/2020,0.495,0.44,0.009,0.008
32,Nevada,4/4/2020,0.428,0.393,0.01,0.009
33,New Hampshire,4/4/2020,0.414,0.397,0.011,0.01
34,New Jersey,4/4/2020,0.45,0.42,0.01,0.008
35,New Mexico,4/4/2020,0.329,0.286,0.01,0.008
36,New York,4/4/2020,0.383,0.344,0.01,0.008
37,North Carolina,4/4/2020,0.411,0.351,0.011,0.009
38,North Dakota,4/4/2020,0.437,0.392,0.009,0.008
39,Ohio,4/4/2020,0.478,0.415,0.011,0.009
40,Oklahoma,4/4/2020,0.393,0.318,0.01,0.008
41,Oregon,4/4/2020,0.454,0.424,0.01,0.009
42,Pennsylvania,4/4/2020,0.453,0.403,0.01,0.008
44,Rhode Island,4/4/2020,0.41,0.369,0.009,0.008
45,South Carolina,4/4/2020,0.397,0.322,0.011,0.008
46,South Dakota,4/4/2020,0.441,0.399,0.009,0.008
47,Tennessee,4/4/2020,0.445,0.359,0.011,0.008
48,Texas,4/4/2020,0.39,0.344,0.011,0.009
49,Utah,4/4/2020,0.489,0.485,0.01,0.01
50,Vermont,4/4/2020,0.346,0.311,0.01,0.009
51,Virginia,4/4/2020,0.496,0.441,0.012,0.01
53,Washington,4/4/2020,0.479,0.461,0.012,0.012
54,West Virginia,4/4/2020,0.317,0.233,0.009,0.006
55,Wisconsin,4/4/2020,0.51,0.474,0.011,0.01
56,Wyoming,4/4/2020,0.345,0.318,0.01,0.01
72,Puerto Rico,4/4/2020,0.03,0.029,0.004,0.004
1,Alabama,4/5/2020,0.444,0.327,0.005,0.004
2,Alaska,4/5/2020,0.281,0.267,0.006,0.006
4,Arizona,4/5/2020,0.419,0.379,0.007,0.006
5,Arkansas,4/5/2020,0.42,0.3,0.005,0.005
6,California,4/5/2020,0.442,0.412,0.007,0.007
8,Colorado,4/5/2020,0.479,0.456,0.008,0.007
9,Connecticut,4/5/2020,0.463,0.43,0.007,0.007
10,Delaware,4/5/2020,0.437,0.397,0.006,0.006
11,District of Columbia,4/5/2020,0.428,0.399,0.006,0.006
12,Florida,4/5/2020,0.43,0.368,0.006,0.006
13,Georgia,4/5/2020,0.421,0.365,0.006,0.006
15,Hawaii,4/5/2020,0.372,0.34,0.008,0.007
16,Idaho,4/5/2020,0.475,0.448,0.007,0.006
17,Illinois,4/5/2020,0.492,0.442,0.007,0.007
18,Indiana,4/5/2020,0.482,0.415,0.007,0.006
19,Iowa,4/5/2020,0.503,0.45,0.007,0.006
20,Kansas,4/5/2020,0.49,0.428,0.006,0.006
21,Kentucky,4/5/2020,0.456,0.365,0.006,0.006
22,Louisiana,4/5/2020,0.414,0.322,0.005,0.005
23,Maine,4/5/2020,0.357,0.305,0.006,0.005
24,Maryland,4/5/2020,0.476,0.446,0.007,0.007
25,Massachusetts,4/5/2020,0.459,0.437,0.007,0.007
26,Michigan,4/5/2020,0.513,0.441,0.007,0.006
27,Minnesota,4/5/2020,0.539,0.503,0.008,0.008
28,Mississippi,4/5/2020,0.44,0.28,0.004,0.003
29,Missouri,4/5/2020,0.461,0.39,0.006,0.006
30,Montana,4/5/2020,0.364,0.322,0.008,0.007
31,Nebraska,4/5/2020,0.502,0.446,0.006,0.006
32,Nevada,4/5/2020,0.435,0.4,0.007,0.006
33,New Hampshire,4/5/2020,0.422,0.405,0.008,0.008
34,New Jersey,4/5/2020,0.457,0.426,0.007,0.006
35,New Mexico,4/5/2020,0.336,0.292,0.006,0.006
36,New York,4/5/2020,0.389,0.349,0.006,0.006
37,North Carolina,4/5/2020,0.417,0.357,0.006,0.006
38,North Dakota,4/5/2020,0.445,0.4,0.008,0.007
39,Ohio,4/5/2020,0.484,0.421,0.006,0.006
40,Oklahoma,4/5/2020,0.4,0.324,0.006,0.006
41,Oregon,4/5/2020,0.462,0.432,0.008,0.008
42,Pennsylvania,4/5/2020,0.46,0.409,0.006,0.006
44,Rhode Island,4/5/2020,0.417,0.376,0.007,0.007
45,South Carolina,4/5/2020,0.403,0.327,0.005,0.005
46,South Dakota,4/5/2020,0.448,0.405,0.006,0.006
47,Tennessee,4/5/2020,0.451,0.364,0.006,0.005
48,Texas,4/5/2020,0.397,0.351,0.007,0.007
49,Utah,4/5/2020,0.496,0.491,0.006,0.006
50,Vermont,4/5/2020,0.353,0.317,0.006,0.006
51,Virginia,4/5/2020,0.504,0.448,0.008,0.007
53,Washington,4/5/2020,0.489,0.47,0.009,0.009
54,West Virginia,4/5/2020,0.322,0.237,0.004,0.004
55,Wisconsin,4/5/2020,0.518,0.482,0.007,0.007
56,Wyoming,4/5/2020,0.352,0.325,0.007,0.007
72,Puerto Rico,4/5/2020,0.033,0.032,0.003,0.003
1,Alabama,4/6/2020,0.449,0.331,0.005,0.004
2,Alaska,4/6/2020,0.287,0.272,0.006,0.006
4,Arizona,4/6/2020,0.425,0.385,0.006,0.006
5,Arkansas,4/6/2020,0.425,0.304,0.005,0.004
6,California,4/6/2020,0.448,0.418,0.006,0.006
8,Colorado,4/6/2020,0.485,0.462,0.006,0.006
9,Connecticut,4/6/2020,0.47,0.436,0.007,0.006
10,Delaware,4/6/2020,0.442,0.402,0.005,0.005
11,District of Columbia,4/6/2020,0.434,0.404,0.006,0.005
12,Florida,4/6/2020,0.436,0.373,0.006,0.005
13,Georgia,4/6/2020,0.426,0.37,0.006,0.005
15,Hawaii,4/6/2020,0.379,0.346,0.007,0.007
16,Idaho,4/6/2020,0.481,0.454,0.006,0.006
17,Illinois,4/6/2020,0.498,0.448,0.006,0.006
18,Indiana,4/6/2020,0.488,0.42,0.006,0.006
19,Iowa,4/6/2020,0.509,0.455,0.006,0.005
20,Kansas,4/6/2020,0.496,0.433,0.006,0.005
21,Kentucky,4/6/2020,0.462,0.371,0.007,0.006
22,Louisiana,4/6/2020,0.419,0.326,0.005,0.004
23,Maine,4/6/2020,0.362,0.309,0.005,0.005
24,Maryland,4/6/2020,0.482,0.452,0.006,0.006
25,Massachusetts,4/6/2020,0.465,0.442,0.006,0.006
26,Michigan,4/6/2020,0.518,0.446,0.006,0.005
27,Minnesota,4/6/2020,0.545,0.509,0.007,0.006
28,Mississippi,4/6/2020,0.444,0.283,0.005,0.003
29,Missouri,4/6/2020,0.466,0.395,0.006,0.005
30,Montana,4/6/2020,0.371,0.327,0.006,0.006
31,Nebraska,4/6/2020,0.508,0.452,0.006,0.006
32,Nevada,4/6/2020,0.441,0.405,0.006,0.006
33,New Hampshire,4/6/2020,0.429,0.412,0.007,0.007
34,New Jersey,4/6/2020,0.462,0.432,0.006,0.006
35,New Mexico,4/6/2020,0.341,0.297,0.006,0.005
36,New York,4/6/2020,0.395,0.354,0.006,0.005
37,North Carolina,4/6/2020,0.423,0.362,0.006,0.005
38,North Dakota,4/6/2020,0.452,0.406,0.007,0.007
39,Ohio,4/6/2020,0.491,0.427,0.007,0.006
40,Oklahoma,4/6/2020,0.405,0.328,0.005,0.005
41,Oregon,4/6/2020,0.469,0.439,0.007,0.007
42,Pennsylvania,4/6/2020,0.465,0.415,0.006,0.005
44,Rhode Island,4/6/2020,0.422,0.382,0.006,0.005
45,South Carolina,4/6/2020,0.408,0.332,0.006,0.005
46,South Dakota,4/6/2020,0.454,0.411,0.006,0.005
47,Tennessee,4/6/2020,0.456,0.369,0.005,0.005
48,Texas,4/6/2020,0.404,0.357,0.007,0.006
49,Utah,4/6/2020,0.502,0.497,0.006,0.006
50,Vermont,4/6/2020,0.358,0.323,0.006,0.005
51,Virginia,4/6/2020,0.51,0.454,0.006,0.005
53,Washington,4/6/2020,0.497,0.478,0.008,0.008
54,West Virginia,4/6/2020,0.326,0.241,0.005,0.004
55,Wisconsin,4/6/2020,0.524,0.487,0.006,0.006
56,Wyoming,4/6/2020,0.358,0.331,0.006,0.006
72,Puerto Rico,4/6/2020,0.035,0.034,0.002,0.002
1,Alabama,4/7/2020,0.453,0.335,0.005,0.004
2,Alaska,4/7/2020,0.294,0.279,0.007,0.007
4,Arizona,4/7/2020,0.431,0.391,0.007,0.006
5,Arkansas,4/7/2020,0.429,0.308,0.004,0.004
6,California,4/7/2020,0.455,0.424,0.007,0.007
8,Colorado,4/7/2020,0.492,0.468,0.007,0.006
9,Connecticut,4/7/2020,0.476,0.442,0.006,0.006
10,Delaware,4/7/2020,0.447,0.407,0.005,0.005
11,District of Columbia,4/7/2020,0.439,0.409,0.005,0.005
12,Florida,4/7/2020,0.442,0.379,0.006,0.006
13,Georgia,4/7/2020,0.432,0.375,0.006,0.006
15,Hawaii,4/7/2020,0.388,0.355,0.009,0.008
16,Idaho,4/7/2020,0.488,0.461,0.007,0.007
17,Illinois,4/7/2020,0.504,0.453,0.006,0.006
18,Indiana,4/7/2020,0.494,0.426,0.006,0.005
19,Iowa,4/7/2020,0.514,0.461,0.005,0.005
20,Kansas,4/7/2020,0.501,0.438,0.006,0.005
21,Kentucky,4/7/2020,0.469,0.377,0.007,0.006
22,Louisiana,4/7/2020,0.423,0.33,0.005,0.004
23,Maine,4/7/2020,0.366,0.313,0.004,0.004
24,Maryland,4/7/2020,0.489,0.458,0.007,0.006
25,Massachusetts,4/7/2020,0.471,0.448,0.006,0.006
26,Michigan,4/7/2020,0.524,0.452,0.006,0.006
27,Minnesota,4/7/2020,0.552,0.516,0.007,0.007
28,Mississippi,4/7/2020,0.448,0.287,0.004,0.003
29,Missouri,4/7/2020,0.471,0.4,0.005,0.005
30,Montana,4/7/2020,0.377,0.334,0.006,0.006
31,Nebraska,4/7/2020,0.513,0.457,0.006,0.005
32,Nevada,4/7/2020,0.448,0.412,0.007,0.006
33,New Hampshire,4/7/2020,0.436,0.418,0.007,0.006
34,New Jersey,4/7/2020,0.469,0.438,0.006,0.006
35,New Mexico,4/7/2020,0.347,0.302,0.006,0.006
36,New York,4/7/2020,0.4,0.359,0.006,0.005
37,North Carolina,4/7/2020,0.429,0.368,0.006,0.006
38,North Dakota,4/7/2020,0.458,0.413,0.007,0.007
39,Ohio,4/7/2020,0.497,0.432,0.006,0.005
40,Oklahoma,4/7/2020,0.41,0.333,0.005,0.005
41,Oregon,4/7/2020,0.478,0.446,0.008,0.008
42,Pennsylvania,4/7/2020,0.471,0.42,0.006,0.005
44,Rhode Island,4/7/2020,0.428,0.386,0.005,0.005
45,South Carolina,4/7/2020,0.414,0.337,0.006,0.005
46,South Dakota,4/7/2020,0.458,0.415,0.005,0.005
47,Tennessee,4/7/2020,0.461,0.374,0.005,0.005
48,Texas,4/7/2020,0.411,0.363,0.007,0.006
49,Utah,4/7/2020,0.509,0.504,0.007,0.007
50,Vermont,4/7/2020,0.363,0.327,0.005,0.005
51,Virginia,4/7/2020,0.516,0.459,0.006,0.006
53,Washington,4/7/2020,0.504,0.485,0.008,0.007
54,West Virginia,4/7/2020,0.33,0.245,0.005,0.004
55,Wisconsin,4/7/2020,0.529,0.493,0.006,0.006
56,Wyoming,4/7/2020,0.365,0.337,0.007,0.006
72,Puerto Rico,4/7/2020,0.038,0.037,0.003,0.003
1,Alabama,4/8/2020,0.457,0.339,0.004,0.004
2,Alaska,4/8/2020,0.3,0.285,0.006,0.006
4,Arizona,4/8/2020,0.437,0.396,0.006,0.005
5,Arkansas,4/8/2020,0.433,0.311,0.004,0.003
6,California,4/8/2020,0.461,0.43,0.006,0.005
8,Colorado,4/8/2020,0.497,0.473,0.005,0.005
9,Connecticut,4/8/2020,0.481,0.447,0.005,0.005
10,Delaware,4/8/2020,0.451,0.411,0.004,0.004
11,District of Columbia,4/8/2020,0.443,0.413,0.004,0.004
12,Florida,4/8/2020,0.446,0.383,0.005,0.004
13,Georgia,4/8/2020,0.437,0.38,0.005,0.005
15,Hawaii,4/8/2020,0.398,0.364,0.01,0.009
16,Idaho,4/8/2020,0.493,0.465,0.005,0.005
17,Illinois,4/8/2020,0.508,0.457,0.004,0.004
18,Indiana,4/8/2020,0.498,0.43,0.004,0.004
19,Iowa,4/8/2020,0.518,0.464,0.004,0.004
20,Kansas,4/8/2020,0.505,0.442,0.004,0.004
21,Kentucky,4/8/2020,0.475,0.383,0.006,0.006
22,Louisiana,4/8/2020,0.427,0.334,0.004,0.004
23,Maine,4/8/2020,0.37,0.318,0.005,0.005
24,Maryland,4/8/2020,0.494,0.463,0.006,0.005
25,Massachusetts,4/8/2020,0.475,0.452,0.005,0.005
26,Michigan,4/8/2020,0.529,0.457,0.005,0.005
27,Minnesota,4/8/2020,0.557,0.521,0.005,0.005
28,Mississippi,4/8/2020,0.451,0.29,0.003,0.003
29,Missouri,4/8/2020,0.475,0.403,0.004,0.004
30,Montana,4/8/2020,0.382,0.339,0.005,0.005
31,Nebraska,4/8/2020,0.517,0.461,0.004,0.004
32,Nevada,4/8/2020,0.453,0.417,0.005,0.005
33,New Hampshire,4/8/2020,0.441,0.423,0.005,0.005
34,New Jersey,4/8/2020,0.474,0.443,0.005,0.005
35,New Mexico,4/8/2020,0.352,0.307,0.005,0.005
36,New York,4/8/2020,0.405,0.363,0.004,0.004
37,North Carolina,4/8/2020,0.434,0.373,0.005,0.005
38,North Dakota,4/8/2020,0.464,0.418,0.006,0.005
39,Ohio,4/8/2020,0.501,0.437,0.005,0.005
40,Oklahoma,4/8/2020,0.414,0.337,0.004,0.004
41,Oregon,4/8/2020,0.484,0.452,0.006,0.006
42,Pennsylvania,4/8/2020,0.475,0.424,0.005,0.004
44,Rhode Island,4/8/2020,0.432,0.39,0.004,0.004
45,South Carolina,4/8/2020,0.418,0.341,0.004,0.004
46,South Dakota,4/8/2020,0.462,0.419,0.004,0.004
47,Tennessee,4/8/2020,0.466,0.378,0.004,0.004
48,Texas,4/8/2020,0.416,0.368,0.005,0.005
49,Utah,4/8/2020,0.515,0.51,0.006,0.006
50,Vermont,4/8/2020,0.367,0.331,0.004,0.004
51,Virginia,4/8/2020,0.521,0.464,0.004,0.004
53,Washington,4/8/2020,0.511,0.492,0.007,0.007
54,West Virginia,4/8/2020,0.334,0.249,0.004,0.004
55,Wisconsin,4/8/2020,0.534,0.497,0.004,0.004
56,Wyoming,4/8/2020,0.37,0.342,0.005,0.005
72,Puerto Rico,4/8/2020,0.041,0.039,0.003,0.002
1,Alabama,4/9/2020,0.463,0.342,0.007,0.003
2,Alaska,4/9/2020,0.306,0.29,0.006,0.005
4,Arizona,4/9/2020,0.442,0.4,0.006,0.004
5,Arkansas,4/9/2020,0.438,0.313,0.006,0.003
6,California,4/9/2020,0.466,0.434,0.006,0.005
8,Colorado,4/9/2020,0.502,0.477,0.005,0.004
9,Connecticut,4/9/2020,0.486,0.451,0.005,0.004
10,Delaware,4/9/2020,0.455,0.414,0.004,0.003
11,District of Columbia,4/9/2020,0.448,0.416,0.004,0.003
12,Florida,4/9/2020,0.451,0.386,0.006,0.004
13,Georgia,4/9/2020,0.443,0.384,0.006,0.004
15,Hawaii,4/9/2020,0.405,0.37,0.008,0.006
16,Idaho,4/9/2020,0.497,0.469,0.005,0.004
17,Illinois,4/9/2020,0.512,0.461,0.005,0.003
18,Indiana,4/9/2020,0.503,0.433,0.005,0.003
19,Iowa,4/9/2020,0.523,0.468,0.005,0.003
20,Kansas,4/9/2020,0.51,0.445,0.005,0.003
21,Kentucky,4/9/2020,0.482,0.388,0.007,0.005
22,Louisiana,4/9/2020,0.432,0.337,0.006,0.003
23,Maine,4/9/2020,0.375,0.322,0.005,0.004
24,Maryland,4/9/2020,0.499,0.468,0.005,0.004
25,Massachusetts,4/9/2020,0.48,0.456,0.005,0.004
26,Michigan,4/9/2020,0.534,0.46,0.005,0.004
27,Minnesota,4/9/2020,0.562,0.525,0.005,0.004
28,Mississippi,4/9/2020,0.456,0.292,0.007,0.002
29,Missouri,4/9/2020,0.48,0.406,0.005,0.003
30,Montana,4/9/2020,0.387,0.342,0.006,0.004
31,Nebraska,4/9/2020,0.522,0.465,0.006,0.004
32,Nevada,4/9/2020,0.46,0.422,0.007,0.005
33,New Hampshire,4/9/2020,0.446,0.427,0.005,0.005
34,New Jersey,4/9/2020,0.479,0.447,0.005,0.004
35,New Mexico,4/9/2020,0.358,0.312,0.006,0.005
36,New York,4/9/2020,0.41,0.367,0.005,0.004
37,North Carolina,4/9/2020,0.439,0.377,0.005,0.004
38,North Dakota,4/9/2020,0.47,0.423,0.006,0.005
39,Ohio,4/9/2020,0.506,0.44,0.005,0.004
40,Oklahoma,4/9/2020,0.419,0.341,0.005,0.003
41,Oregon,4/9/2020,0.489,0.457,0.005,0.005
42,Pennsylvania,4/9/2020,0.48,0.428,0.005,0.004
44,Rhode Island,4/9/2020,0.437,0.394,0.005,0.004
45,South Carolina,4/9/2020,0.423,0.345,0.006,0.004
46,South Dakota,4/9/2020,0.467,0.423,0.005,0.004
47,Tennessee,4/9/2020,0.471,0.381,0.005,0.003
48,Texas,4/9/2020,0.422,0.373,0.006,0.004
49,Utah,4/9/2020,0.52,0.515,0.005,0.005
50,Vermont,4/9/2020,0.372,0.335,0.004,0.004
51,Virginia,4/9/2020,0.526,0.468,0.005,0.004
53,Washington,4/9/2020,0.517,0.497,0.006,0.005
54,West Virginia,4/9/2020,0.339,0.252,0.004,0.003
55,Wisconsin,4/9/2020,0.538,0.501,0.004,0.004
56,Wyoming,4/9/2020,0.375,0.346,0.005,0.004
72,Puerto Rico,4/9/2020,0.043,0.042,0.002,0.002
1,Alabama,4/10/2020,0.466,0.345,0.004,0.003
2,Alaska,4/10/2020,0.311,0.295,0.005,0.005
4,Arizona,4/10/2020,0.445,0.404,0.005,0.004
5,Arkansas,4/10/2020,0.441,0.316,0.004,0.002
6,California,4/10/2020,0.472,0.439,0.006,0.004
8,Colorado,4/10/2020,0.506,0.482,0.005,0.004
9,Connecticut,4/10/2020,0.49,0.454,0.004,0.004
10,Delaware,4/10/2020,0.459,0.417,0.004,0.003
11,District of Columbia,4/10/2020,0.451,0.419,0.003,0.003
12,Florida,4/10/2020,0.454,0.39,0.004,0.003
13,Georgia,4/10/2020,0.446,0.388,0.004,0.003
15,Hawaii,4/10/2020,0.41,0.375,0.006,0.005
16,Idaho,4/10/2020,0.501,0.473,0.005,0.003
17,Illinois,4/10/2020,0.516,0.464,0.004,0.003
18,Indiana,4/10/2020,0.507,0.436,0.004,0.003
19,Iowa,4/10/2020,0.526,0.471,0.004,0.003
20,Kansas,4/10/2020,0.513,0.448,0.004,0.003
21,Kentucky,4/10/2020,0.487,0.392,0.005,0.004
22,Louisiana,4/10/2020,0.435,0.339,0.003,0.002
23,Maine,4/10/2020,0.378,0.324,0.003,0.003
24,Maryland,4/10/2020,0.504,0.472,0.004,0.004
25,Massachusetts,4/10/2020,0.484,0.46,0.004,0.004
26,Michigan,4/10/2020,0.538,0.464,0.004,0.004
27,Minnesota,4/10/2020,0.566,0.529,0.004,0.004
28,Mississippi,4/10/2020,0.459,0.294,0.003,0.002
29,Missouri,4/10/2020,0.483,0.409,0.004,0.003
30,Montana,4/10/2020,0.39,0.345,0.004,0.003
31,Nebraska,4/10/2020,0.526,0.468,0.005,0.003
32,Nevada,4/10/2020,0.466,0.426,0.006,0.004
33,New Hampshire,4/10/2020,0.45,0.432,0.004,0.004
34,New Jersey,4/10/2020,0.483,0.451,0.004,0.004
35,New Mexico,4/10/2020,0.362,0.315,0.004,0.004
36,New York,4/10/2020,0.414,0.371,0.004,0.004
37,North Carolina,4/10/2020,0.443,0.38,0.004,0.003
38,North Dakota,4/10/2020,0.475,0.427,0.005,0.004
39,Ohio,4/10/2020,0.51,0.444,0.004,0.003
40,Oklahoma,4/10/2020,0.423,0.343,0.004,0.003
41,Oregon,4/10/2020,0.499,0.461,0.008,0.004
42,Pennsylvania,4/10/2020,0.484,0.431,0.004,0.003
44,Rhode Island,4/10/2020,0.441,0.398,0.004,0.003
45,South Carolina,4/10/2020,0.427,0.348,0.004,0.003
46,South Dakota,4/10/2020,0.47,0.426,0.004,0.003
47,Tennessee,4/10/2020,0.475,0.385,0.004,0.003
48,Texas,4/10/2020,0.426,0.376,0.004,0.004
49,Utah,4/10/2020,0.526,0.519,0.005,0.004
50,Vermont,4/10/2020,0.376,0.339,0.004,0.004
51,Virginia,4/10/2020,0.529,0.471,0.004,0.003
53,Washington,4/10/2020,0.523,0.501,0.006,0.004
54,West Virginia,4/10/2020,0.343,0.255,0.005,0.004
55,Wisconsin,4/10/2020,0.542,0.504,0.004,0.003
56,Wyoming,4/10/2020,0.379,0.35,0.004,0.004
72,Puerto Rico,4/10/2020,0.046,0.044,0.002,0.002
1,Alabama,4/11/2020,0.469,0.347,0.003,0.002
2,Alaska,4/11/2020,0.315,0.299,0.004,0.004
4,Arizona,4/11/2020,0.449,0.408,0.004,0.003
5,Arkansas,4/11/2020,0.444,0.318,0.003,0.002
6,California,4/11/2020,0.478,0.443,0.005,0.004
8,Colorado,4/11/2020,0.51,0.485,0.004,0.003
9,Connecticut,4/11/2020,0.494,0.458,0.004,0.003
10,Delaware,4/11/2020,0.462,0.42,0.003,0.003
11,District of Columbia,4/11/2020,0.454,0.422,0.003,0.003
12,Florida,4/11/2020,0.458,0.392,0.003,0.003
13,Georgia,4/11/2020,0.45,0.39,0.003,0.003
15,Hawaii,4/11/2020,0.415,0.38,0.004,0.004
16,Idaho,4/11/2020,0.506,0.476,0.004,0.003
17,Illinois,4/11/2020,0.52,0.467,0.003,0.003
18,Indiana,4/11/2020,0.51,0.439,0.003,0.003
19,Iowa,4/11/2020,0.531,0.474,0.004,0.003
20,Kansas,4/11/2020,0.517,0.451,0.004,0.003
21,Kentucky,4/11/2020,0.492,0.396,0.005,0.004
22,Louisiana,4/11/2020,0.438,0.341,0.003,0.002
23,Maine,4/11/2020,0.381,0.326,0.002,0.002
24,Maryland,4/11/2020,0.508,0.475,0.004,0.004
25,Massachusetts,4/11/2020,0.488,0.463,0.003,0.003
26,Michigan,4/11/2020,0.542,0.467,0.004,0.003
27,Minnesota,4/11/2020,0.569,0.532,0.003,0.003
28,Mississippi,4/11/2020,0.462,0.295,0.003,0.002
29,Missouri,4/11/2020,0.487,0.412,0.003,0.003
30,Montana,4/11/2020,0.394,0.349,0.003,0.003
31,Nebraska,4/11/2020,0.531,0.472,0.004,0.003
32,Nevada,4/11/2020,0.471,0.43,0.005,0.004
33,New Hampshire,4/11/2020,0.453,0.435,0.004,0.003
34,New Jersey,4/11/2020,0.487,0.454,0.004,0.003
35,New Mexico,4/11/2020,0.366,0.318,0.003,0.003
36,New York,4/11/2020,0.417,0.374,0.004,0.003
37,North Carolina,4/11/2020,0.446,0.382,0.003,0.003
38,North Dakota,4/11/2020,0.478,0.431,0.003,0.003
39,Ohio,4/11/2020,0.514,0.447,0.004,0.003
40,Oklahoma,4/11/2020,0.426,0.346,0.003,0.002
41,Oregon,4/11/2020,0.505,0.464,0.005,0.003
42,Pennsylvania,4/11/2020,0.488,0.435,0.004,0.003
44,Rhode Island,4/11/2020,0.444,0.401,0.003,0.003
45,South Carolina,4/11/2020,0.431,0.35,0.003,0.002
46,South Dakota,4/11/2020,0.474,0.429,0.004,0.003
47,Tennessee,4/11/2020,0.478,0.387,0.003,0.002
48,Texas,4/11/2020,0.43,0.38,0.004,0.003
49,Utah,4/11/2020,0.531,0.523,0.005,0.003
50,Vermont,4/11/2020,0.379,0.342,0.003,0.003
51,Virginia,4/11/2020,0.533,0.474,0.003,0.003
53,Washington,4/11/2020,0.529,0.505,0.005,0.004
54,West Virginia,4/11/2020,0.348,0.259,0.004,0.003
55,Wisconsin,4/11/2020,0.544,0.507,0.003,0.002
56,Wyoming,4/11/2020,0.383,0.353,0.004,0.003
72,Puerto Rico,4/11/2020,0.047,0.045,0.002,0.002
1,Alabama,4/12/2020,0.472,0.349,0.003,0.002
2,Alaska,4/12/2020,0.318,0.302,0.003,0.003
4,Arizona,4/12/2020,0.453,0.41,0.004,0.003
5,Arkansas,4/12/2020,0.447,0.319,0.003,0.001
6,California,4/12/2020,0.483,0.446,0.005,0.003
8,Colorado,4/12/2020,0.515,0.488,0.005,0.003
9,Connecticut,4/12/2020,0.497,0.46,0.003,0.003
10,Delaware,4/12/2020,0.465,0.422,0.003,0.002
11,District of Columbia,4/12/2020,0.457,0.425,0.003,0.003
12,Florida,4/12/2020,0.461,0.395,0.003,0.002
13,Georgia,4/12/2020,0.453,0.393,0.003,0.002
15,Hawaii,4/12/2020,0.419,0.383,0.004,0.003
16,Idaho,4/12/2020,0.511,0.479,0.005,0.003
17,Illinois,4/12/2020,0.522,0.469,0.003,0.002
18,Indiana,4/12/2020,0.513,0.441,0.003,0.002
19,Iowa,4/12/2020,0.536,0.477,0.006,0.002
20,Kansas,4/12/2020,0.522,0.453,0.005,0.002
21,Kentucky,4/12/2020,0.495,0.399,0.003,0.003
22,Louisiana,4/12/2020,0.441,0.343,0.003,0.002
23,Maine,4/12/2020,0.383,0.328,0.002,0.002
24,Maryland,4/12/2020,0.511,0.478,0.003,0.003
25,Massachusetts,4/12/2020,0.491,0.466,0.003,0.003
26,Michigan,4/12/2020,0.545,0.469,0.003,0.002
27,Minnesota,4/12/2020,0.572,0.534,0.003,0.002
28,Mississippi,4/12/2020,0.464,0.297,0.002,0.001
29,Missouri,4/12/2020,0.491,0.415,0.004,0.002
30,Montana,4/12/2020,0.398,0.351,0.004,0.003
31,Nebraska,4/12/2020,0.536,0.474,0.006,0.002
32,Nevada,4/12/2020,0.474,0.433,0.004,0.003
33,New Hampshire,4/12/2020,0.457,0.438,0.003,0.003
34,New Jersey,4/12/2020,0.49,0.457,0.003,0.003
35,New Mexico,4/12/2020,0.369,0.321,0.003,0.002
36,New York,4/12/2020,0.42,0.376,0.003,0.002
37,North Carolina,4/12/2020,0.449,0.384,0.003,0.002
38,North Dakota,4/12/2020,0.482,0.434,0.003,0.003
39,Ohio,4/12/2020,0.516,0.449,0.003,0.002
40,Oklahoma,4/12/2020,0.429,0.348,0.003,0.002
41,Oregon,4/12/2020,0.509,0.467,0.005,0.003
42,Pennsylvania,4/12/2020,0.491,0.437,0.003,0.002
44,Rhode Island,4/12/2020,0.447,0.403,0.003,0.002
45,South Carolina,4/12/2020,0.433,0.352,0.003,0.002
46,South Dakota,4/12/2020,0.479,0.432,0.006,0.003
47,Tennessee,4/12/2020,0.48,0.389,0.003,0.002
48,Texas,4/12/2020,0.434,0.383,0.004,0.003
49,Utah,4/12/2020,0.535,0.526,0.004,0.003
50,Vermont,4/12/2020,0.382,0.345,0.003,0.002
51,Virginia,4/12/2020,0.535,0.476,0.003,0.002
53,Washington,4/12/2020,0.534,0.509,0.005,0.003
54,West Virginia,4/12/2020,0.355,0.266,0.008,0.007
55,Wisconsin,4/12/2020,0.547,0.508,0.002,0.002
56,Wyoming,4/12/2020,0.388,0.356,0.005,0.003
72,Puerto Rico,4/12/2020,0.049,0.047,0.002,0.001
1,Alabama,4/13/2020,0.474,0.35,0.002,0.002
2,Alaska,4/13/2020,0.32,0.304,0.002,0.002
4,Arizona,4/13/2020,0.457,0.413,0.004,0.002
5,Arkansas,4/13/2020,0.448,0.321,0.002,0.002
6,California,4/13/2020,0.487,0.449,0.005,0.003
8,Colorado,4/13/2020,0.519,0.491,0.004,0.003
9,Connecticut,4/13/2020,0.499,0.462,0.002,0.002
10,Delaware,4/13/2020,0.467,0.424,0.002,0.002
11,District of Columbia,4/13/2020,0.46,0.427,0.003,0.002
12,Florida,4/13/2020,0.463,0.397,0.003,0.002
13,Georgia,4/13/2020,0.455,0.395,0.003,0.002
15,Hawaii,4/13/2020,0.422,0.386,0.003,0.003
16,Idaho,4/13/2020,0.516,0.481,0.006,0.002
17,Illinois,4/13/2020,0.525,0.472,0.003,0.002
18,Indiana,4/13/2020,0.515,0.444,0.002,0.002
19,Iowa,4/13/2020,0.54,0.479,0.005,0.002
20,Kansas,4/13/2020,0.525,0.456,0.004,0.002
21,Kentucky,4/13/2020,0.498,0.402,0.003,0.003
22,Louisiana,4/13/2020,0.442,0.344,0.002,0.002
23,Maine,4/13/2020,0.385,0.33,0.002,0.002
24,Maryland,4/13/2020,0.514,0.481,0.003,0.003
25,Massachusetts,4/13/2020,0.493,0.468,0.002,0.002
26,Michigan,4/13/2020,0.547,0.471,0.002,0.002
27,Minnesota,4/13/2020,0.575,0.537,0.003,0.002
28,Mississippi,4/13/2020,0.466,0.298,0.002,0.001
29,Missouri,4/13/2020,0.494,0.417,0.004,0.002
30,Montana,4/13/2020,0.402,0.354,0.005,0.002
31,Nebraska,4/13/2020,0.54,0.477,0.005,0.003
32,Nevada,4/13/2020,0.478,0.436,0.004,0.003
33,New Hampshire,4/13/2020,0.459,0.44,0.002,0.002
34,New Jersey,4/13/2020,0.492,0.459,0.002,0.002
35,New Mexico,4/13/2020,0.371,0.323,0.003,0.002
36,New York,4/13/2020,0.423,0.378,0.002,0.002
37,North Carolina,4/13/2020,0.451,0.386,0.002,0.002
38,North Dakota,4/13/2020,0.484,0.436,0.003,0.002
39,Ohio,4/13/2020,0.518,0.451,0.002,0.002
40,Oklahoma,4/13/2020,0.431,0.35,0.003,0.002
41,Oregon,4/13/2020,0.513,0.469,0.004,0.002
42,Pennsylvania,4/13/2020,0.493,0.439,0.002,0.002
44,Rhode Island,4/13/2020,0.449,0.405,0.002,0.002
45,South Carolina,4/13/2020,0.435,0.354,0.002,0.002
46,South Dakota,4/13/2020,0.484,0.434,0.005,0.002
47,Tennessee,4/13/2020,0.482,0.391,0.002,0.002
48,Texas,4/13/2020,0.437,0.385,0.003,0.002
49,Utah,4/13/2020,0.538,0.528,0.003,0.002
50,Vermont,4/13/2020,0.384,0.346,0.002,0.002
51,Virginia,4/13/2020,0.537,0.478,0.002,0.002
53,Washington,4/13/2020,0.538,0.511,0.004,0.003
54,West Virginia,4/13/2020,0.359,0.269,0.004,0.003
55,Wisconsin,4/13/2020,0.549,0.51,0.002,0.002
56,Wyoming,4/13/2020,0.392,0.359,0.005,0.002
72,Puerto Rico,4/13/2020,0.05,0.048,0.001,0.001
1,Alabama,4/14/2020,0.478,0.353,0.004,0.003
2,Alaska,4/14/2020,0.324,0.307,0.003,0.003
4,Arizona,4/14/2020,0.462,0.416,0.005,0.004
5,Arkansas,4/14/2020,0.453,0.324,0.005,0.004
6,California,4/14/2020,0.492,0.452,0.005,0.004
8,Colorado,4/14/2020,0.524,0.495,0.005,0.004
9,Connecticut,4/14/2020,0.503,0.466,0.004,0.004
10,Delaware,4/14/2020,0.47,0.427,0.003,0.003
11,District of Columbia,4/14/2020,0.463,0.43,0.004,0.003
12,Florida,4/14/2020,0.469,0.4,0.006,0.003
13,Georgia,4/14/2020,0.46,0.398,0.005,0.004
15,Hawaii,4/14/2020,0.426,0.39,0.003,0.003
16,Idaho,4/14/2020,0.521,0.485,0.005,0.004
17,Illinois,4/14/2020,0.53,0.476,0.005,0.004
18,Indiana,4/14/2020,0.519,0.447,0.004,0.003
19,Iowa,4/14/2020,0.547,0.483,0.007,0.004
20,Kansas,4/14/2020,0.533,0.459,0.008,0.004
21,Kentucky,4/14/2020,0.504,0.407,0.006,0.005
22,Louisiana,4/14/2020,0.446,0.347,0.004,0.003
23,Maine,4/14/2020,0.388,0.333,0.003,0.003
24,Maryland,4/14/2020,0.518,0.485,0.004,0.004
25,Massachusetts,4/14/2020,0.497,0.472,0.004,0.004
26,Michigan,4/14/2020,0.55,0.474,0.004,0.003
27,Minnesota,4/14/2020,0.581,0.541,0.006,0.004
28,Mississippi,4/14/2020,0.469,0.3,0.003,0.002
29,Missouri,4/14/2020,0.5,0.42,0.006,0.003
30,Montana,4/14/2020,0.408,0.357,0.006,0.004
31,Nebraska,4/14/2020,0.547,0.481,0.007,0.004
32,Nevada,4/14/2020,0.483,0.439,0.005,0.004
33,New Hampshire,4/14/2020,0.463,0.444,0.004,0.004
34,New Jersey,4/14/2020,0.496,0.463,0.004,0.004
35,New Mexico,4/14/2020,0.377,0.326,0.005,0.004
36,New York,4/14/2020,0.426,0.382,0.004,0.003
37,North Carolina,4/14/2020,0.454,0.389,0.003,0.003
38,North Dakota,4/14/2020,0.491,0.44,0.007,0.004
39,Ohio,4/14/2020,0.522,0.455,0.004,0.003
40,Oklahoma,4/14/2020,0.436,0.353,0.005,0.003
41,Oregon,4/14/2020,0.517,0.472,0.004,0.003
42,Pennsylvania,4/14/2020,0.497,0.442,0.004,0.003
44,Rhode Island,4/14/2020,0.453,0.408,0.004,0.004
45,South Carolina,4/14/2020,0.439,0.357,0.004,0.003
46,South Dakota,4/14/2020,0.491,0.437,0.007,0.003
47,Tennessee,4/14/2020,0.486,0.394,0.003,0.003
48,Texas,4/14/2020,0.442,0.389,0.005,0.004
49,Utah,4/14/2020,0.542,0.532,0.005,0.004
50,Vermont,4/14/2020,0.388,0.35,0.004,0.003
51,Virginia,4/14/2020,0.541,0.481,0.003,0.003
53,Washington,4/14/2020,0.543,0.515,0.005,0.004
54,West Virginia,4/14/2020,0.367,0.277,0.008,0.007
55,Wisconsin,4/14/2020,0.552,0.513,0.003,0.003
56,Wyoming,4/14/2020,0.396,0.362,0.005,0.004
72,Puerto Rico,4/14/2020,0.052,0.05,0.002,0.002
1,Alabama,4/15/2020,0.482,0.356,0.005,0.003
2,Alaska,4/15/2020,0.327,0.31,0.003,0.003
4,Arizona,4/15/2020,0.468,0.42,0.006,0.003
5,Arkansas,4/15/2020,0.458,0.327,0.006,0.002
6,California,4/15/2020,0.498,0.456,0.007,0.003
8,Colorado,4/15/2020,0.529,0.498,0.006,0.003
9,Connecticut,4/15/2020,0.508,0.47,0.005,0.004
10,Delaware,4/15/2020,0.473,0.43,0.003,0.002
11,District of Columbia,4/15/2020,0.466,0.433,0.003,0.003
12,Florida,4/15/2020,0.474,0.403,0.006,0.003
13,Georgia,4/15/2020,0.465,0.401,0.006,0.003
15,Hawaii,4/15/2020,0.429,0.393,0.003,0.003
16,Idaho,4/15/2020,0.527,0.488,0.006,0.003
17,Illinois,4/15/2020,0.534,0.479,0.005,0.003
18,Indiana,4/15/2020,0.522,0.45,0.004,0.003
19,Iowa,4/15/2020,0.554,0.485,0.008,0.003
20,Kansas,4/15/2020,0.539,0.462,0.008,0.003
21,Kentucky,4/15/2020,0.51,0.412,0.006,0.005
22,Louisiana,4/15/2020,0.451,0.35,0.005,0.003
23,Maine,4/15/2020,0.391,0.336,0.004,0.003
24,Maryland,4/15/2020,0.521,0.488,0.004,0.003
25,Massachusetts,4/15/2020,0.502,0.475,0.005,0.004
26,Michigan,4/15/2020,0.554,0.477,0.004,0.003
27,Minnesota,4/15/2020,0.588,0.544,0.007,0.003
28,Mississippi,4/15/2020,0.472,0.302,0.004,0.002
29,Missouri,4/15/2020,0.505,0.423,0.006,0.003
30,Montana,4/15/2020,0.414,0.36,0.007,0.003
31,Nebraska,4/15/2020,0.553,0.484,0.008,0.003
32,Nevada,4/15/2020,0.489,0.442,0.006,0.003
33,New Hampshire,4/15/2020,0.47,0.448,0.007,0.004
34,New Jersey,4/15/2020,0.5,0.466,0.004,0.003
35,New Mexico,4/15/2020,0.382,0.329,0.006,0.003
36,New York,4/15/2020,0.43,0.385,0.004,0.003
37,North Carolina,4/15/2020,0.457,0.392,0.003,0.002
38,North Dakota,4/15/2020,0.497,0.443,0.008,0.004
39,Ohio,4/15/2020,0.526,0.457,0.004,0.003
40,Oklahoma,4/15/2020,0.442,0.357,0.007,0.003
41,Oregon,4/15/2020,0.521,0.475,0.005,0.003
42,Pennsylvania,4/15/2020,0.5,0.445,0.003,0.003
44,Rhode Island,4/15/2020,0.458,0.412,0.006,0.003
45,South Carolina,4/15/2020,0.445,0.36,0.006,0.003
46,South Dakota,4/15/2020,0.497,0.44,0.007,0.003
47,Tennessee,4/15/2020,0.489,0.397,0.003,0.002
48,Texas,4/15/2020,0.447,0.392,0.005,0.003
49,Utah,4/15/2020,0.547,0.535,0.005,0.003
50,Vermont,4/15/2020,0.393,0.353,0.006,0.004
51,Virginia,4/15/2020,0.544,0.483,0.003,0.003
53,Washington,4/15/2020,0.547,0.518,0.005,0.003
54,West Virginia,4/15/2020,0.373,0.282,0.007,0.006
55,Wisconsin,4/15/2020,0.554,0.516,0.003,0.002
56,Wyoming,4/15/2020,0.403,0.365,0.007,0.003
72,Puerto Rico,4/15/2020,0.054,0.051,0.002,0.001
1,Alabama,4/16/2020,0.485,0.358,0.004,0.002
2,Alaska,4/16/2020,0.33,0.313,0.003,0.002
4,Arizona,4/16/2020,0.472,0.422,0.005,0.003
5,Arkansas,4/16/2020,0.46,0.329,0.003,0.002
6,California,4/16/2020,0.503,0.458,0.005,0.003
8,Colorado,4/16/2020,0.533,0.501,0.004,0.003
9,Connecticut,4/16/2020,0.512,0.473,0.004,0.003
10,Delaware,4/16/2020,0.475,0.432,0.003,0.002
11,District of Columbia,4/16/2020,0.469,0.435,0.003,0.002
12,Florida,4/16/2020,0.477,0.406,0.004,0.003
13,Georgia,4/16/2020,0.468,0.404,0.004,0.003
15,Hawaii,4/16/2020,0.432,0.395,0.003,0.003
16,Idaho,4/16/2020,0.531,0.49,0.004,0.003
17,Illinois,4/16/2020,0.539,0.482,0.005,0.003
18,Indiana,4/16/2020,0.525,0.452,0.003,0.003
19,Iowa,4/16/2020,0.557,0.488,0.004,0.002
20,Kansas,4/16/2020,0.542,0.465,0.004,0.002
21,Kentucky,4/16/2020,0.515,0.417,0.005,0.005
22,Louisiana,4/16/2020,0.454,0.352,0.004,0.002
23,Maine,4/16/2020,0.394,0.339,0.003,0.003
24,Maryland,4/16/2020,0.525,0.491,0.004,0.003
25,Massachusetts,4/16/2020,0.506,0.478,0.004,0.003
26,Michigan,4/16/2020,0.557,0.48,0.003,0.003
27,Minnesota,4/16/2020,0.592,0.547,0.005,0.003
28,Mississippi,4/16/2020,0.475,0.303,0.003,0.002
29,Missouri,4/16/2020,0.509,0.425,0.004,0.002
30,Montana,4/16/2020,0.418,0.363,0.005,0.003
31,Nebraska,4/16/2020,0.557,0.486,0.005,0.002
32,Nevada,4/16/2020,0.495,0.447,0.007,0.005
33,New Hampshire,4/16/2020,0.474,0.451,0.004,0.003
34,New Jersey,4/16/2020,0.504,0.469,0.004,0.003
35,New Mexico,4/16/2020,0.386,0.332,0.004,0.003
36,New York,4/16/2020,0.433,0.387,0.004,0.003
37,North Carolina,4/16/2020,0.459,0.394,0.003,0.002
38,North Dakota,4/16/2020,0.501,0.446,0.004,0.003
39,Ohio,4/16/2020,0.529,0.46,0.004,0.003
40,Oklahoma,4/16/2020,0.445,0.359,0.004,0.003
41,Oregon,4/16/2020,0.525,0.478,0.004,0.002
42,Pennsylvania,4/16/2020,0.503,0.448,0.003,0.003
44,Rhode Island,4/16/2020,0.463,0.415,0.005,0.003
45,South Carolina,4/16/2020,0.448,0.363,0.004,0.003
46,South Dakota,4/16/2020,0.5,0.443,0.004,0.002
47,Tennessee,4/16/2020,0.491,0.399,0.002,0.002
48,Texas,4/16/2020,0.451,0.395,0.004,0.003
49,Utah,4/16/2020,0.551,0.538,0.004,0.003
50,Vermont,4/16/2020,0.397,0.357,0.004,0.003
51,Virginia,4/16/2020,0.546,0.486,0.003,0.003
53,Washington,4/16/2020,0.551,0.52,0.004,0.003
54,West Virginia,4/16/2020,0.378,0.287,0.005,0.005
55,Wisconsin,4/16/2020,0.557,0.518,0.002,0.002
56,Wyoming,4/16/2020,0.407,0.368,0.005,0.003
72,Puerto Rico,4/16/2020,0.055,0.053,0.002,0.001
1,Alabama,4/17/2020,0.489,0.36,0.003,0.002
2,Alaska,4/17/2020,0.332,0.315,0.002,0.002
4,Arizona,4/17/2020,0.476,0.424,0.004,0.002
5,Arkansas,4/17/2020,0.464,0.33,0.003,0.002
6,California,4/17/2020,0.509,0.463,0.007,0.005
8,Colorado,4/17/2020,0.537,0.503,0.004,0.002
9,Connecticut,4/17/2020,0.517,0.476,0.005,0.003
10,Delaware,4/17/2020,0.477,0.434,0.002,0.002
11,District of Columbia,4/17/2020,0.473,0.439,0.004,0.003
12,Florida,4/17/2020,0.481,0.408,0.004,0.002
13,Georgia,4/17/2020,0.472,0.406,0.004,0.002
15,Hawaii,4/17/2020,0.434,0.398,0.003,0.002
16,Idaho,4/17/2020,0.534,0.492,0.004,0.002
17,Illinois,4/17/2020,0.543,0.485,0.004,0.003
18,Indiana,4/17/2020,0.528,0.455,0.003,0.003
19,Iowa,4/17/2020,0.561,0.49,0.005,0.002
20,Kansas,4/17/2020,0.546,0.466,0.004,0.002
21,Kentucky,4/17/2020,0.52,0.421,0.005,0.004
22,Louisiana,4/17/2020,0.457,0.353,0.003,0.002
23,Maine,4/17/2020,0.402,0.341,0.007,0.002
24,Maryland,4/17/2020,0.529,0.495,0.004,0.003
25,Massachusetts,4/17/2020,0.511,0.481,0.005,0.002
26,Michigan,4/17/2020,0.559,0.482,0.003,0.002
27,Minnesota,4/17/2020,0.597,0.549,0.005,0.002
28,Mississippi,4/17/2020,0.477,0.305,0.003,0.001
29,Missouri,4/17/2020,0.512,0.427,0.003,0.002
30,Montana,4/17/2020,0.422,0.366,0.004,0.002
31,Nebraska,4/17/2020,0.561,0.488,0.004,0.002
32,Nevada,4/17/2020,0.499,0.45,0.004,0.003
33,New Hampshire,4/17/2020,0.479,0.454,0.006,0.003
34,New Jersey,4/17/2020,0.508,0.472,0.004,0.003
35,New Mexico,4/17/2020,0.39,0.335,0.004,0.002
36,New York,4/17/2020,0.438,0.39,0.004,0.003
37,North Carolina,4/17/2020,0.461,0.396,0.002,0.002
38,North Dakota,4/17/2020,0.506,0.448,0.005,0.002
39,Ohio,4/17/2020,0.532,0.463,0.003,0.002
40,Oklahoma,4/17/2020,0.449,0.361,0.005,0.002
41,Oregon,4/17/2020,0.528,0.48,0.003,0.002
42,Pennsylvania,4/17/2020,0.506,0.45,0.003,0.003
44,Rhode Island,4/17/2020,0.469,0.417,0.006,0.002
45,South Carolina,4/17/2020,0.452,0.365,0.004,0.002
46,South Dakota,4/17/2020,0.504,0.445,0.004,0.002
47,Tennessee,4/17/2020,0.493,0.4,0.002,0.002
48,Texas,4/17/2020,0.454,0.398,0.004,0.002
49,Utah,4/17/2020,0.554,0.54,0.003,0.002
50,Vermont,4/17/2020,0.404,0.359,0.007,0.003
51,Virginia,4/17/2020,0.549,0.488,0.003,0.002
53,Washington,4/17/2020,0.554,0.523,0.003,0.002
54,West Virginia,4/17/2020,0.382,0.29,0.004,0.003
55,Wisconsin,4/17/2020,0.559,0.52,0.002,0.002
56,Wyoming,4/17/2020,0.412,0.371,0.004,0.003
72,Puerto Rico,4/17/2020,0.057,0.054,0.001,0.001
1,Alabama,4/18/2020,0.492,0.361,0.003,0.002
2,Alaska,4/18/2020,0.334,0.317,0.002,0.002
4,Arizona,4/18/2020,0.48,0.426,0.004,0.002
5,Arkansas,4/18/2020,0.467,0.332,0.004,0.001
6,California,4/18/2020,0.514,0.466,0.005,0.003
8,Colorado,4/18/2020,0.54,0.505,0.004,0.002
9,Connecticut,4/18/2020,0.522,0.478,0.005,0.002
10,Delaware,4/18/2020,0.481,0.437,0.003,0.003
11,District of Columbia,4/18/2020,0.478,0.441,0.005,0.003
12,Florida,4/18/2020,0.485,0.41,0.004,0.002
13,Georgia,4/18/2020,0.475,0.408,0.004,0.002
15,Hawaii,4/18/2020,0.438,0.401,0.003,0.003
16,Idaho,4/18/2020,0.537,0.494,0.004,0.002
17,Illinois,4/18/2020,0.549,0.487,0.006,0.002
18,Indiana,4/18/2020,0.533,0.457,0.005,0.003
19,Iowa,4/18/2020,0.566,0.491,0.005,0.002
20,Kansas,4/18/2020,0.55,0.468,0.004,0.002
21,Kentucky,4/18/2020,0.527,0.425,0.007,0.004
22,Louisiana,4/18/2020,0.46,0.355,0.003,0.001
23,Maine,4/18/2020,0.409,0.343,0.007,0.002
24,Maryland,4/18/2020,0.536,0.497,0.007,0.003
25,Massachusetts,4/18/2020,0.517,0.483,0.006,0.002
26,Michigan,4/18/2020,0.563,0.485,0.004,0.003
27,Minnesota,4/18/2020,0.602,0.551,0.006,0.002
28,Mississippi,4/18/2020,0.48,0.306,0.003,0.001
29,Missouri,4/18/2020,0.515,0.428,0.004,0.002
30,Montana,4/18/2020,0.425,0.368,0.004,0.002
31,Nebraska,4/18/2020,0.565,0.49,0.005,0.002
32,Nevada,4/18/2020,0.503,0.452,0.004,0.002
33,New Hampshire,4/18/2020,0.485,0.456,0.006,0.002
34,New Jersey,4/18/2020,0.514,0.475,0.007,0.003
35,New Mexico,4/18/2020,0.394,0.337,0.004,0.002
36,New York,4/18/2020,0.443,0.392,0.005,0.002
37,North Carolina,4/18/2020,0.464,0.398,0.002,0.002
38,North Dakota,4/18/2020,0.51,0.45,0.006,0.002
39,Ohio,4/18/2020,0.537,0.465,0.004,0.002
40,Oklahoma,4/18/2020,0.453,0.363,0.004,0.002
41,Oregon,4/18/2020,0.531,0.482,0.003,0.002
42,Pennsylvania,4/18/2020,0.512,0.453,0.006,0.003
44,Rhode Island,4/18/2020,0.475,0.419,0.007,0.002
45,South Carolina,4/18/2020,0.456,0.366,0.004,0.002
46,South Dakota,4/18/2020,0.508,0.446,0.005,0.002
47,Tennessee,4/18/2020,0.496,0.402,0.003,0.002
48,Texas,4/18/2020,0.458,0.4,0.004,0.002
49,Utah,4/18/2020,0.557,0.542,0.003,0.002
50,Vermont,4/18/2020,0.41,0.361,0.008,0.002
51,Virginia,4/18/2020,0.554,0.491,0.005,0.002
53,Washington,4/18/2020,0.557,0.525,0.003,0.002
54,West Virginia,4/18/2020,0.387,0.293,0.005,0.003
55,Wisconsin,4/18/2020,0.563,0.522,0.004,0.002
56,Wyoming,4/18/2020,0.415,0.374,0.004,0.003
72,Puerto Rico,4/18/2020,0.058,0.055,0.001,0.001
1,Alabama,4/19/2020,0.493,0.362,0.002,0.001
2,Alaska,4/19/2020,0.336,0.319,0.002,0.002
4,Arizona,4/19/2020,0.482,0.428,0.002,0.002
5,Arkansas,4/19/2020,0.468,0.333,0.001,0.001
6,California,4/19/2020,0.517,0.468,0.003,0.002
8,Colorado,4/19/2020,0.543,0.507,0.002,0.002
9,Connecticut,4/19/2020,0.524,0.48,0.003,0.002
10,Delaware,4/19/2020,0.483,0.439,0.002,0.002
11,District of Columbia,4/19/2020,0.48,0.444,0.003,0.002
12,Florida,4/19/2020,0.487,0.411,0.002,0.001
13,Georgia,4/19/2020,0.477,0.409,0.002,0.001
15,Hawaii,4/19/2020,0.441,0.403,0.003,0.003
16,Idaho,4/19/2020,0.539,0.496,0.002,0.001
17,Illinois,4/19/2020,0.551,0.489,0.003,0.002
18,Indiana,4/19/2020,0.536,0.459,0.003,0.002
19,Iowa,4/19/2020,0.567,0.493,0.002,0.002
20,Kansas,4/19/2020,0.552,0.47,0.002,0.001
21,Kentucky,4/19/2020,0.53,0.428,0.003,0.003
22,Louisiana,4/19/2020,0.462,0.356,0.002,0.001
23,Maine,4/19/2020,0.41,0.345,0.002,0.002
24,Maryland,4/19/2020,0.539,0.5,0.003,0.002
25,Massachusetts,4/19/2020,0.519,0.485,0.003,0.002
26,Michigan,4/19/2020,0.565,0.486,0.002,0.002
27,Minnesota,4/19/2020,0.604,0.553,0.002,0.001
28,Mississippi,4/19/2020,0.481,0.307,0.001,0.001
29,Missouri,4/19/2020,0.517,0.43,0.002,0.001
30,Montana,4/19/2020,0.428,0.369,0.003,0.002
31,Nebraska,4/19/2020,0.567,0.492,0.002,0.001
32,Nevada,4/19/2020,0.506,0.454,0.003,0.002
33,New Hampshire,4/19/2020,0.487,0.458,0.002,0.002
34,New Jersey,4/19/2020,0.517,0.477,0.003,0.002
35,New Mexico,4/19/2020,0.397,0.338,0.002,0.002
36,New York,4/19/2020,0.445,0.394,0.003,0.002
37,North Carolina,4/19/2020,0.466,0.399,0.002,0.002
38,North Dakota,4/19/2020,0.513,0.452,0.003,0.002
39,Ohio,4/19/2020,0.539,0.467,0.002,0.002
40,Oklahoma,4/19/2020,0.455,0.364,0.002,0.001
41,Oregon,4/19/2020,0.533,0.483,0.002,0.002
42,Pennsylvania,4/19/2020,0.515,0.455,0.003,0.002
44,Rhode Island,4/19/2020,0.477,0.42,0.003,0.002
45,South Carolina,4/19/2020,0.457,0.368,0.002,0.001
46,South Dakota,4/19/2020,0.51,0.448,0.002,0.001
47,Tennessee,4/19/2020,0.498,0.404,0.002,0.002
48,Texas,4/19/2020,0.46,0.402,0.002,0.002
49,Utah,4/19/2020,0.559,0.544,0.002,0.002
50,Vermont,4/19/2020,0.412,0.363,0.003,0.002
51,Virginia,4/19/2020,0.557,0.492,0.003,0.002
53,Washington,4/19/2020,0.56,0.527,0.003,0.002
54,West Virginia,4/19/2020,0.39,0.296,0.003,0.003
55,Wisconsin,4/19/2020,0.565,0.524,0.003,0.002
56,Wyoming,4/19/2020,0.417,0.375,0.002,0.002
72,Puerto Rico,4/19/2020,0.059,0.056,0.001,0.001
1,Alabama,4/20/2020,0.495,0.363,0.002,0.001
2,Alaska,4/20/2020,0.337,0.32,0.001,0.001
4,Arizona,4/20/2020,0.484,0.429,0.002,0.001
5,Arkansas,4/20/2020,0.47,0.334,0.002,0.001
6,California,4/20/2020,0.519,0.47,0.003,0.002
8,Colorado,4/20/2020,0.545,0.509,0.002,0.002
9,Connecticut,4/20/2020,0.527,0.482,0.002,0.002
10,Delaware,4/20/2020,0.488,0.44,0.006,0.002
11,District of Columbia,4/20/2020,0.484,0.445,0.003,0.002
12,Florida,4/20/2020,0.489,0.412,0.002,0.001
13,Georgia,4/20/2020,0.479,0.411,0.002,0.002
15,Hawaii,4/20/2020,0.446,0.405,0.005,0.002
16,Idaho,4/20/2020,0.541,0.497,0.002,0.001
17,Illinois,4/20/2020,0.554,0.49,0.003,0.002
18,Indiana,4/20/2020,0.541,0.461,0.005,0.002
19,Iowa,4/20/2020,0.569,0.494,0.002,0.001
20,Kansas,4/20/2020,0.554,0.471,0.002,0.001
21,Kentucky,4/20/2020,0.534,0.43,0.005,0.002
22,Louisiana,4/20/2020,0.463,0.357,0.002,0.001
23,Maine,4/20/2020,0.413,0.346,0.003,0.001
24,Maryland,4/20/2020,0.542,0.501,0.003,0.002
25,Massachusetts,4/20/2020,0.521,0.486,0.002,0.001
26,Michigan,4/20/2020,0.569,0.488,0.004,0.002
27,Minnesota,4/20/2020,0.606,0.554,0.002,0.001
28,Mississippi,4/20/2020,0.482,0.307,0.001,0.001
29,Missouri,4/20/2020,0.518,0.431,0.002,0.001
30,Montana,4/20/2020,0.43,0.37,0.002,0.001
31,Nebraska,4/20/2020,0.569,0.493,0.002,0.001
32,Nevada,4/20/2020,0.508,0.455,0.002,0.001
33,New Hampshire,4/20/2020,0.489,0.459,0.002,0.001
34,New Jersey,4/20/2020,0.52,0.479,0.003,0.002
35,New Mexico,4/20/2020,0.399,0.34,0.002,0.001
36,New York,4/20/2020,0.448,0.396,0.003,0.002
37,North Carolina,4/20/2020,0.468,0.401,0.003,0.002
38,North Dakota,4/20/2020,0.515,0.453,0.002,0.001
39,Ohio,4/20/2020,0.543,0.468,0.004,0.002
40,Oklahoma,4/20/2020,0.457,0.366,0.002,0.001
41,Oregon,4/20/2020,0.535,0.485,0.002,0.001
42,Pennsylvania,4/20/2020,0.519,0.457,0.004,0.002
44,Rhode Island,4/20/2020,0.479,0.422,0.002,0.001
45,South Carolina,4/20/2020,0.459,0.369,0.002,0.001
46,South Dakota,4/20/2020,0.512,0.449,0.002,0.001
47,Tennessee,4/20/2020,0.5,0.405,0.003,0.002
48,Texas,4/20/2020,0.462,0.403,0.002,0.002
49,Utah,4/20/2020,0.56,0.545,0.002,0.001
50,Vermont,4/20/2020,0.415,0.364,0.002,0.001
51,Virginia,4/20/2020,0.559,0.494,0.003,0.002
53,Washington,4/20/2020,0.562,0.528,0.002,0.002
54,West Virginia,4/20/2020,0.393,0.298,0.004,0.002
55,Wisconsin,4/20/2020,0.571,0.525,0.006,0.001
56,Wyoming,4/20/2020,0.419,0.377,0.002,0.002
72,Puerto Rico,4/20/2020,0.06,0.057,0.001,0.001
